Item ID,調査年度,カテゴリ,質問項目,備考1,回答欄
Q1,2009,4,あなたは、いまの日本の政治は、国民の意思をどの程度反映していると思いますか。１つだけ○を付けてください。,,
Q2_1,2009,15,今回の選挙に際して、あなたが最も重視する政策はどれでしょうか。また２番目、３番目はどうですか。,1,１．外交　２．財政再建 ３．景気対策　４．経済構造改革 ５．農林漁業 ６．教育 ７．年金 ８．医療 ９．雇用・就職　１０．治安１１．環境 １２．政治・行政改革 １３．地方分権 １４．憲法（護憲・改憲） １５．その他（具体的に ）
Q2_2,2009,15,今回の選挙に際して、あなたが最も重視する政策はどれでしょうか。また２番目、３番目はどうですか。,2,１．外交　２．財政再建 ３．景気対策　４．経済構造改革 ５．農林漁業 ６．教育 ７．年金 ８．医療 ９．雇用・就職　１０．治安１１．環境 １２．政治・行政改革 １３．地方分権 １４．憲法（護憲・改憲） １５．その他（具体的に ）
Q2_3,2009,15,今回の選挙に際して、あなたが最も重視する政策はどれでしょうか。また２番目、３番目はどうですか。,3,１．外交　２．財政再建 ３．景気対策　４．経済構造改革 ５．農林漁業 ６．教育 ７．年金 ８．医療 ９．雇用・就職　１０．治安１１．環境 １２．政治・行政改革 １３．地方分権 １４．憲法（護憲・改憲） １５．その他（具体的に ）
Q3_1,2009,15,選挙との関係は別にして、これまであなたが最も力を注いできた、あるいは同僚議員と比べてあなたがとくに詳しいと言える政策分野はどれでしょうか。２番目、３番目はどうですか。,1,１．外交　２．財政再建 ３．景気対策　４．経済構造改革 ５．農林漁業 ６．教育 ７．年金 ８．医療 ９．雇用・就職　１０．治安１１．環境 １２．政治・行政改革 １３．地方分権 １４．憲法（護憲・改憲） １５．その他（具体的に ）
Q3_2,2009,15,選挙との関係は別にして、これまであなたが最も力を注いできた、あるいは同僚議員と比べてあなたがとくに詳しいと言える政策分野はどれでしょうか。２番目、３番目はどうですか。,2,１．外交　２．財政再建 ３．景気対策　４．経済構造改革 ５．農林漁業 ６．教育 ７．年金 ８．医療 ９．雇用・就職　１０．治安１１．環境 １２．政治・行政改革 １３．地方分権 １４．憲法（護憲・改憲） １５．その他（具体的に ）
Q3_3,2009,15,選挙との関係は別にして、これまであなたが最も力を注いできた、あるいは同僚議員と比べてあなたがとくに詳しいと言える政策分野はどれでしょうか。２番目、３番目はどうですか。,3,１．外交　２．財政再建 ３．景気対策　４．経済構造改革 ５．農林漁業 ６．教育 ７．年金 ８．医療 ９．雇用・就職　１０．治安１１．環境 １２．政治・行政改革 １３．地方分権 １４．憲法（護憲・改憲） １５．その他（具体的に ）
Q4_1,2009,5,選挙運動には、政策を訴えかける以外にも、さまざまな活動があります。今回の選挙に際して、あなたがもっとも重視する（政策以外の）要素はどれでしょうか。また２番目、３番目はどうですか。,1,１．ふだんからあなたを応援してくれる人々や組織に働きかける ２．過去の業績を強調する（自党・友党の良さや反対党の悪さ） ３．政権担当能力を強調する（自党・友党の良さや反対党の悪さ）４．リーダーの資質を強調する（自・友党の良さや反対党の悪さ） ５．あなたご自身の業績や資質を強調する
Q4_2,2009,5,選挙運動には、政策を訴えかける以外にも、さまざまな活動があります。今回の選挙に際して、あなたがもっとも重視する（政策以外の）要素はどれでしょうか。また２番目、３番目はどうですか。,2,１．ふだんからあなたを応援してくれる人々や組織に働きかける ２．過去の業績を強調する（自党・友党の良さや反対党の悪さ） ３．政権担当能力を強調する（自党・友党の良さや反対党の悪さ）４．リーダーの資質を強調する（自・友党の良さや反対党の悪さ） ５．あなたご自身の業績や資質を強調する
Q4_3,2009,5,選挙運動には、政策を訴えかける以外にも、さまざまな活動があります。今回の選挙に際して、あなたがもっとも重視する（政策以外の）要素はどれでしょうか。また２番目、３番目はどうですか。,3,１．ふだんからあなたを応援してくれる人々や組織に働きかける ２．過去の業績を強調する（自党・友党の良さや反対党の悪さ） ３．政権担当能力を強調する（自党・友党の良さや反対党の悪さ）４．リーダーの資質を強調する（自・友党の良さや反対党の悪さ） ５．あなたご自身の業績や資質を強調する
Q5_1,2009,4,あなたが所属されている政党は（無所属の場合、あなたご自身は）、選挙後、以下の各党との連立政権に参加しても良いと考えますか。①から⑥までの各党について１つずつ数字に○を付けてください。,自民党,１．選挙結果にかかわらず連立を組むべきだ，２．選挙結果次第では連立もありうる，３．選挙結果にかかわらず連立はありえない，４．自分の所属政党
Q5_2,2009,4,あなたが所属されている政党は（無所属の場合、あなたご自身は）、選挙後、以下の各党との連立政権に参加しても良いと考えますか。①から⑥までの各党について１つずつ数字に○を付けてください。,民主党,１．選挙結果にかかわらず連立を組むべきだ，２．選挙結果次第では連立もありうる，３．選挙結果にかかわらず連立はありえない，４．自分の所属政党
Q5_3,2009,4,あなたが所属されている政党は（無所属の場合、あなたご自身は）、選挙後、以下の各党との連立政権に参加しても良いと考えますか。①から⑥までの各党について１つずつ数字に○を付けてください。,公明党,１．選挙結果にかかわらず連立を組むべきだ，２．選挙結果次第では連立もありうる，３．選挙結果にかかわらず連立はありえない，５．自分の所属政党
Q5_4,2009,4,あなたが所属されている政党は（無所属の場合、あなたご自身は）、選挙後、以下の各党との連立政権に参加しても良いと考えますか。①から⑥までの各党について１つずつ数字に○を付けてください。,共産党,１．選挙結果にかかわらず連立を組むべきだ，２．選挙結果次第では連立もありうる，３．選挙結果にかかわらず連立はありえない，６．自分の所属政党
Q5_5,2009,4,あなたが所属されている政党は（無所属の場合、あなたご自身は）、選挙後、以下の各党との連立政権に参加しても良いと考えますか。①から⑥までの各党について１つずつ数字に○を付けてください。,社民党,１．選挙結果にかかわらず連立を組むべきだ，２．選挙結果次第では連立もありうる，３．選挙結果にかかわらず連立はありえない，７．自分の所属政党
Q5_6,2009,4,あなたが所属されている政党は（無所属の場合、あなたご自身は）、選挙後、以下の各党との連立政権に参加しても良いと考えますか。①から⑥までの各党について１つずつ数字に○を付けてください。,国民新党,１．選挙結果にかかわらず連立を組むべきだ，２．選挙結果次第では連立もありうる，３．選挙結果にかかわらず連立はありえない，８．自分の所属政党
Q6_1,2009,2,これからの日本を考えたとき、国の予算をもっと増やしたほうがよいと思うのはどの分野ですか。あてはまるものすべてに○を付けてください。,公共事業,0：あてはまらない，1：あてはまる
Q6_2,2009,2,これからの日本を考えたとき、国の予算をもっと増やしたほうがよいと思うのはどの分野ですか。あてはまるものすべてに○を付けてください。,雇用・経済対策,0：あてはまらない，1：あてはまる
Q6_3,2009,2,これからの日本を考えたとき、国の予算をもっと増やしたほうがよいと思うのはどの分野ですか。あてはまるものすべてに○を付けてください。,医療・福祉,0：あてはまらない，1：あてはまる
Q6_4,2009,2,これからの日本を考えたとき、国の予算をもっと増やしたほうがよいと思うのはどの分野ですか。あてはまるものすべてに○を付けてください。,教育・文化,0：あてはまらない，1：あてはまる
Q6_5,2009,2,これからの日本を考えたとき、国の予算をもっと増やしたほうがよいと思うのはどの分野ですか。あてはまるものすべてに○を付けてください。,科学技術,0：あてはまらない，1：あてはまる
Q6_6,2009,2,これからの日本を考えたとき、国の予算をもっと増やしたほうがよいと思うのはどの分野ですか。あてはまるものすべてに○を付けてください。,環境,0：あてはまらない，1：あてはまる
Q6_7,2009,2,これからの日本を考えたとき、国の予算をもっと増やしたほうがよいと思うのはどの分野ですか。あてはまるものすべてに○を付けてください。,防衛,0：あてはまらない，1：あてはまる
Q6_8,2009,2,これからの日本を考えたとき、国の予算をもっと増やしたほうがよいと思うのはどの分野ですか。あてはまるものすべてに○を付けてください。,国際協力,0：あてはまらない，1：あてはまる
Q6_9,2009,2,これからの日本を考えたとき、国の予算をもっと増やしたほうがよいと思うのはどの分野ですか。あてはまるものすべてに○を付けてください。,農業・食料,0：あてはまらない，1：あてはまる
Q7_1,2009,2,では、国の予算をもっと減らしたほうがよいと思うのはどの分野ですか。あてはまるものすべてに○を付けてください。,公共事業,0：あてはまらない，1：あてはまる
Q7_2,2009,2,では、国の予算をもっと減らしたほうがよいと思うのはどの分野ですか。あてはまるものすべてに○を付けてください。,雇用・経済対策,0：あてはまらない，1：あてはまる
Q7_3,2009,2,では、国の予算をもっと減らしたほうがよいと思うのはどの分野ですか。あてはまるものすべてに○を付けてください。,医療・福祉,0：あてはまらない，1：あてはまる
Q7_4,2009,2,では、国の予算をもっと減らしたほうがよいと思うのはどの分野ですか。あてはまるものすべてに○を付けてください。,教育・文化,0：あてはまらない，1：あてはまる
Q7_5,2009,2,では、国の予算をもっと減らしたほうがよいと思うのはどの分野ですか。あてはまるものすべてに○を付けてください。,科学技術,0：あてはまらない，1：あてはまる
Q7_6,2009,2,では、国の予算をもっと減らしたほうがよいと思うのはどの分野ですか。あてはまるものすべてに○を付けてください。,環境,0：あてはまらない，1：あてはまる
Q7_7,2009,2,では、国の予算をもっと減らしたほうがよいと思うのはどの分野ですか。あてはまるものすべてに○を付けてください。,防衛,0：あてはまらない，1：あてはまる
Q7_8,2009,2,では、国の予算をもっと減らしたほうがよいと思うのはどの分野ですか。あてはまるものすべてに○を付けてください。,国際協力,0：あてはまらない，1：あてはまる
Q7_9,2009,2,では、国の予算をもっと減らしたほうがよいと思うのはどの分野ですか。あてはまるものすべてに○を付けてください。,農業・食料,0：あてはまらない，1：あてはまる
Q8_1,2009,5,次に挙げる５個の意見について、あなたは賛成ですか、それとも反対ですか。①から⑤のそれぞれの項目について１つずつ、あてはまる番号に○を付けてください。,衆議院の選挙制度を中選挙区制に戻すべきだ,１．賛成，２．どちらかと言えば賛成，３．どちらとも言えない，４．どちらかと言えば反対，５．反対
Q8_2,2009,5,次に挙げる５個の意見について、あなたは賛成ですか、それとも反対ですか。①から⑤のそれぞれの項目について１つずつ、あてはまる番号に○を付けてください。,今回はともかく、一般論として政権交代があったほうが政治は良くなる,１．賛成，２．どちらかと言えば賛成，３．どちらとも言えない，４．どちらかと言えば反対，５．反対
Q8_3,2009,5,次に挙げる５個の意見について、あなたは賛成ですか、それとも反対ですか。①から⑤のそれぞれの項目について２つずつ、あてはまる番号に○を付けてください。,官僚の天下りは全面的に禁止すべきだ,１．賛成，２．どちらかと言えば賛成，３．どちらとも言えない，４．どちらかと言えば反対，５．反対
Q8_4,2009,5,次に挙げる５個の意見について、あなたは賛成ですか、それとも反対ですか。①から⑤のそれぞれの項目について３つずつ、あてはまる番号に○を付けてください。,参議院に対する衆議院の優越を強めるべきだ,１．賛成，２．どちらかと言えば賛成，３．どちらとも言えない，４．どちらかと言えば反対，５．反対
Q8_5,2009,5,次に挙げる５個の意見について、あなたは賛成ですか、それとも反対ですか。①から⑤のそれぞれの項目について４つずつ、あてはまる番号に○を付けてください。,近い将来に政界再編が必要だ,１．賛成，２．どちらかと言えば賛成，３．どちらとも言えない，４．どちらかと言えば反対，５．反対
Q9_1,2009,5,次に挙げる２０個の意見について、あなたは賛成ですか、それとも反対ですか。①から⑳のそれぞれの項目について１つずつ、あてはまる番号に○を付けてください。,憲法を改正すべきだ,１．賛成，２．どちらかと言えば賛成，３．どちらとも言えない，４．どちらかと言えば反対，５．反対
Q9_2,2009,5,次に挙げる２０個の意見について、あなたは賛成ですか、それとも反対ですか。①から⑳のそれぞれの項目について１つずつ、あてはまる番号に○を付けてください。,日本の防衛力はもっと強化すべきだ,１．賛成，２．どちらかと言えば賛成，３．どちらとも言えない，４．どちらかと言えば反対，５．反対
Q9_3,2009,5,次に挙げる２０個の意見について、あなたは賛成ですか、それとも反対ですか。①から⑳のそれぞれの項目について１つずつ、あてはまる番号に○を付けてください。,非核三原則を堅持すべきだ,１．賛成，２．どちらかと言えば賛成，３．どちらとも言えない，４．どちらかと言えば反対，５．反対
Q9_4,2009,5,次に挙げる２０個の意見について、あなたは賛成ですか、それとも反対ですか。①から⑳のそれぞれの項目について１つずつ、あてはまる番号に○を付けてください。,他国からの攻撃が予想される場合には、先制攻撃もためらうべきではない,１．賛成，２．どちらかと言えば賛成，３．どちらとも言えない，４．どちらかと言えば反対，５．反対
Q9_5,2009,5,次に挙げる２０個の意見について、あなたは賛成ですか、それとも反対ですか。①から⑳のそれぞれの項目について１つずつ、あてはまる番号に○を付けてください。,日本は国連の安全保障理事会の常任理事国に入って国際的役割を果たすべきだ,１．賛成，２．どちらかと言えば賛成，３．どちらとも言えない，４．どちらかと言えば反対，５．反対
Q9_6,2009,5,次に挙げる２０個の意見について、あなたは賛成ですか、それとも反対ですか。①から⑳のそれぞれの項目について１つずつ、あてはまる番号に○を付けてください。,北朝鮮に対しては対話よりも圧力を優先すべきだ,１．賛成，２．どちらかと言えば賛成，３．どちらとも言えない，４．どちらかと言えば反対，５．反対
Q9_7,2009,5,次に挙げる２０個の意見について、あなたは賛成ですか、それとも反対ですか。①から⑳のそれぞれの項目について１つずつ、あてはまる番号に○を付けてください。,日本は集団的自衛権を行使すべきだ,１．賛成，２．どちらかと言えば賛成，３．どちらとも言えない，４．どちらかと言えば反対，５．反対
Q9_8,2009,5,次に挙げる２０個の意見について、あなたは賛成ですか、それとも反対ですか。①から⑳のそれぞれの項目について１つずつ、あてはまる番号に○を付けてください。,国連の活動に参加するためなら、自衛隊を積極的に海外に出すべきだ,１．賛成，２．どちらかと言えば賛成，３．どちらとも言えない，４．どちらかと言えば反対，５．反対
Q9_9,2009,5,次に挙げる２０個の意見について、あなたは賛成ですか、それとも反対ですか。①から⑳のそれぞれの項目について１つずつ、あてはまる番号に○を付けてください。,社会福祉など政府のサービスが悪くなっても、お金のかからない小さな政府の方が良い,１．賛成，２．どちらかと言えば賛成，３．どちらとも言えない，４．どちらかと言えば反対，５．反対
Q9_10,2009,5,次に挙げる２０個の意見について、あなたは賛成ですか、それとも反対ですか。①から⑳のそれぞれの項目について１つずつ、あてはまる番号に○を付けてください。,日本の企業は終身雇用制度を堅持すべきだ,１．賛成，２．どちらかと言えば賛成，３．どちらとも言えない，４．どちらかと言えば反対，５．反対
Q9_11,2009,5,次に挙げる２０個の意見について、あなたは賛成ですか、それとも反対ですか。①から⑳のそれぞれの項目について１つずつ、あてはまる番号に○を付けてください。,公共事業による雇用確保は必要だ,１．賛成，２．どちらかと言えば賛成，３．どちらとも言えない，４．どちらかと言えば反対，５．反対
Q9_12,2009,5,次に挙げる２０個の意見について、あなたは賛成ですか、それとも反対ですか。①から⑳のそれぞれの項目について１つずつ、あてはまる番号に○を付けてください。,当面は財政再建のために歳出を抑えるのではなく、景気対策のために財政出動を行うべきだ,１．賛成，２．どちらかと言えば賛成，３．どちらとも言えない，４．どちらかと言えば反対，５．反対
Q9_13,2009,5,次に挙げる２０個の意見について、あなたは賛成ですか、それとも反対ですか。①から⑳のそれぞれの項目について１つずつ、あてはまる番号に○を付けてください。,道路予算を維持すべきだ,１．賛成，２．どちらかと言えば賛成，３．どちらとも言えない，４．どちらかと言えば反対，５．反対
Q9_14,2009,5,次に挙げる２０個の意見について、あなたは賛成ですか、それとも反対ですか。①から⑳のそれぞれの項目について１つずつ、あてはまる番号に○を付けてください。,５年以内の消費税率引き上げはやむをえない,１．賛成，２．どちらかと言えば賛成，３．どちらとも言えない，４．どちらかと言えば反対，５．反対
Q9_15,2009,5,次に挙げる２０個の意見について、あなたは賛成ですか、それとも反対ですか。①から⑳のそれぞれの項目について１つずつ、あてはまる番号に○を付けてください。,基礎年金の財源は全て税金をあてるべきだ,１．賛成，２．どちらかと言えば賛成，３．どちらとも言えない，４．どちらかと言えば反対，５．反対
Q9_16,2009,5,次に挙げる２０個の意見について、あなたは賛成ですか、それとも反対ですか。①から⑳のそれぞれの項目について１つずつ、あてはまる番号に○を付けてください。,永住外国人の地方参政権を認めるべきだ,１．賛成，２．どちらかと言えば賛成，３．どちらとも言えない，４．どちらかと言えば反対，５．反対
Q9_17,2009,5,次に挙げる２０個の意見について、あなたは賛成ですか、それとも反対ですか。①から⑳のそれぞれの項目について１つずつ、あてはまる番号に○を付けてください。,外国人労働者の受け入れを進めるべきだ,１．賛成，２．どちらかと言えば賛成，３．どちらとも言えない，４．どちらかと言えば反対，５．反対
Q9_18,2009,5,次に挙げる２０個の意見について、あなたは賛成ですか、それとも反対ですか。①から⑳のそれぞれの項目について１つずつ、あてはまる番号に○を付けてください。,治安を守るためにプライバシーや個人の権利が制約されるのは当然だ,１．賛成，２．どちらかと言えば賛成，３．どちらとも言えない，４．どちらかと言えば反対，５．反対
Q9_19,2009,5,次に挙げる２０個の意見について、あなたは賛成ですか、それとも反対ですか。①から⑳のそれぞれの項目について１つずつ、あてはまる番号に○を付けてください。,個性を伸ばす教育よりも伝統を重んじる教育を優先するべきだ,１．賛成，２．どちらかと言えば賛成，３．どちらとも言えない，４．どちらかと言えば反対，５．反対
Q9_20,2009,5,次に挙げる２０個の意見について、あなたは賛成ですか、それとも反対ですか。①から⑳のそれぞれの項目について１つずつ、あてはまる番号に○を付けてください。,死刑制度は廃止すべきだ,１．賛成，２．どちらかと言えば賛成，３．どちらとも言えない，４．どちらかと言えば反対，５．反対
Q10_1,2009,5,次に挙げる１０個の争点について、あなたのお考えはＡ・Ｂのどちらに近いでしょうか。①から⑩のそれぞれの項目について１つずつ、あてはまる番号に○を付けてください。,Ａ：環境を守るため、生活水準を犠牲にすることも必要だ，Ｂ：生活水準を犠牲にするほど、環境保護は重要問題ではない,１．Ａに近い，２．どちらかと言えばＡ，３．どちらとも言えない，４．どちらかと言えばＢ。５．Ｂに近い
Q10_2,2009,5,次に挙げる１０個の争点について、あなたのお考えはＡ・Ｂのどちらに近いでしょうか。①から⑩のそれぞれの項目について１つずつ、あてはまる番号に○を付けてください。,Ａ：国会議員のいわゆる世襲は禁止すべきだ，Ｂ：国会議員の子弟にも職業選択の自由がある,１．Ａに近い，２．どちらかと言えばＡ，３．どちらとも言えない，４．どちらかと言えばＢ。５．Ｂに近い
Q10_3,2009,5,次に挙げる１０個の争点について、あなたのお考えはＡ・Ｂのどちらに近いでしょうか。①から⑩のそれぞれの項目について１つずつ、あてはまる番号に○を付けてください。,Ａ：企業・団体にも政治活動の自由がある，Ｂ：企業・団体献金は全面禁止すべきだ,１．Ａに近い，２．どちらかと言えばＡ，３．どちらとも言えない，４．どちらかと言えばＢ。５．Ｂに近い
Q10_4,2009,5,次に挙げる１０個の争点について、あなたのお考えはＡ・Ｂのどちらに近いでしょうか。①から⑩のそれぞれの項目について１つずつ、あてはまる番号に○を付けてください。,Ａ：治安は悪化しており、犯罪に対する厳罰化を進めるべきだ，Ｂ：治安は悪化しておらず、犯罪に対する厳罰化には慎重であるべきだ,１．Ａに近い，２．どちらかと言えばＡ，３．どちらとも言えない，４．どちらかと言えばＢ。５．Ｂに近い
Q10_5,2009,5,次に挙げる１０個の争点について、あなたのお考えはＡ・Ｂのどちらに近いでしょうか。①から⑩のそれぞれの項目について１つずつ、あてはまる番号に○を付けてください。,Ａ：高齢者を支えるため、現役世代の負担が重くなるのは避けられない，Ｂ：現役世代の負担が重くならないよう、高齢者へのサービスを見直すのは避けられ,１．Ａに近い，２．どちらかと言えばＡ，３．どちらとも言えない，４．どちらかと言えばＢ。５．Ｂに近い
Q10_6,2009,5,次に挙げる１０個の争点について、あなたのお考えはＡ・Ｂのどちらに近いでしょうか。①から⑩のそれぞれの項目について１つずつ、あてはまる番号に○を付けてください。,Ａ：若者の雇用確保のためには、まずは本人の努力が重要だ，Ｂ：若者の雇用確保のためには、何より政府による対策が重要だ,１．Ａに近い，２．どちらかと言えばＡ，３．どちらとも言えない，４．どちらかと言えばＢ。５．Ｂに近い
Q10_7,2009,5,次に挙げる１０個の争点について、あなたのお考えはＡ・Ｂのどちらに近いでしょうか。①から⑩のそれぞれの項目について１つずつ、あてはまる番号に○を付けてください。,Ａ：夫婦と複数の子どもが揃っているのが家族の基本形だ，Ｂ：シングルマザーやDINKS など家族の形は多様でよい,１．Ａに近い，２．どちらかと言えばＡ，３．どちらとも言えない，４．どちらかと言えばＢ。５．Ｂに近い
Q10_8,2009,5,次に挙げる１０個の争点について、あなたのお考えはＡ・Ｂのどちらに近いでしょうか。①から⑩のそれぞれの項目について１つずつ、あてはまる番号に○を付けてください。,Ａ：日米同盟は日本外交の基軸だ，Ｂ：日本外交は国連中心主義でいくべきだ,１．Ａに近い，２．どちらかと言えばＡ，３．どちらとも言えない，４．どちらかと言えばＢ。５．Ｂに近い
Q10_9,2009,5,次に挙げる１０個の争点について、あなたのお考えはＡ・Ｂのどちらに近いでしょうか。①から⑩のそれぞれの項目について１つずつ、あてはまる番号に○を付けてください。,Ａ：国内産業を保護すべきだ，Ｂ：貿易や投資の自由化を進めるべきだ,１．Ａに近い，２．どちらかと言えばＡ，３．どちらとも言えない，４．どちらかと言えばＢ。５．Ｂに近い
Q10_10,2009,5,次に挙げる１０個の争点について、あなたのお考えはＡ・Ｂのどちらに近いでしょうか。①から⑩のそれぞれの項目について１つずつ、あてはまる番号に○を付けてください。,Ａ：政治家は官僚と対決して従わせるのがよい，Ｂ：政治家は官僚と協力して使いこなすのがよい,１．Ａに近い，２．どちらかと言えばＡ，３．どちらとも言えない，４．どちらかと言えばＢ。５．Ｂに近い
Q11_1,2009,101,あなたは、次の①から⑭の政治家に対し、好意的な気持ちを持っていますか、それとも反感を持っていますか。好意も反感も持たないときは、下の「感情温度計」で５０度としてください。好意的な気持ちがあれば、その強さに応じて５１度から１００度、また、反感を感じていれば、４９度から０度のどこかの数字で答えてください。,麻生太郎,0から100の連続反応
Q11_2,2009,101,あなたは、次の①から⑭の政治家に対し、好意的な気持ちを持っていますか、それとも反感を持っていますか。好意も反感も持たないときは、下の「感情温度計」で５０度としてください。好意的な気持ちがあれば、その強さに応じて５１度から１００度、また、反感を感じていれば、４９度から０度のどこかの数字で答えてください。,与謝野馨,0から100の連続反応
Q11_3,2009,101,あなたは、次の①から⑭の政治家に対し、好意的な気持ちを持っていますか、それとも反感を持っていますか。好意も反感も持たないときは、下の「感情温度計」で５０度としてください。好意的な気持ちがあれば、その強さに応じて５１度から１００度、また、反感を感じていれば、４９度から０度のどこかの数字で答えてください。,鳩山邦夫,0から100の連続反応
Q11_4,2009,101,あなたは、次の①から⑭の政治家に対し、好意的な気持ちを持っていますか、それとも反感を持っていますか。好意も反感も持たないときは、下の「感情温度計」で５０度としてください。好意的な気持ちがあれば、その強さに応じて５１度から１００度、また、反感を感じていれば、４９度から０度のどこかの数字で答えてください。,中川秀直,0から100の連続反応
Q11_5,2009,101,あなたは、次の①から⑭の政治家に対し、好意的な気持ちを持っていますか、それとも反感を持っていますか。好意も反感も持たないときは、下の「感情温度計」で５０度としてください。好意的な気持ちがあれば、その強さに応じて５１度から１００度、また、反感を感じていれば、４９度から０度のどこかの数字で答えてください。,小池百合子,0から100の連続反応
Q11_6,2009,101,あなたは、次の①から⑭の政治家に対し、好意的な気持ちを持っていますか、それとも反感を持っていますか。好意も反感も持たないときは、下の「感情温度計」で５０度としてください。好意的な気持ちがあれば、その強さに応じて５１度から１００度、また、反感を感じていれば、４９度から０度のどこかの数字で答えてください。,舛添要一,0から100の連続反応
Q11_7,2009,101,あなたは、次の①から⑭の政治家に対し、好意的な気持ちを持っていますか、それとも反感を持っていますか。好意も反感も持たないときは、下の「感情温度計」で５０度としてください。好意的な気持ちがあれば、その強さに応じて５１度から１００度、また、反感を感じていれば、４９度から０度のどこかの数字で答えてください。,鳩山由紀夫,0から100の連続反応
Q11_8,2009,101,あなたは、次の①から⑭の政治家に対し、好意的な気持ちを持っていますか、それとも反感を持っていますか。好意も反感も持たないときは、下の「感情温度計」で５０度としてください。好意的な気持ちがあれば、その強さに応じて５１度から１００度、また、反感を感じていれば、４９度から０度のどこかの数字で答えてください。,岡田克也,0から100の連続反応
Q11_9,2009,101,あなたは、次の①から⑭の政治家に対し、好意的な気持ちを持っていますか、それとも反感を持っていますか。好意も反感も持たないときは、下の「感情温度計」で５０度としてください。好意的な気持ちがあれば、その強さに応じて５１度から１００度、また、反感を感じていれば、４９度から０度のどこかの数字で答えてください。,小沢一郎,0から100の連続反応
Q11_10,2009,101,あなたは、次の①から⑭の政治家に対し、好意的な気持ちを持っていますか、それとも反感を持っていますか。好意も反感も持たないときは、下の「感情温度計」で５０度としてください。好意的な気持ちがあれば、その強さに応じて５１度から１００度、また、反感を感じていれば、４９度から０度のどこかの数字で答えてください。,菅直人,0から100の連続反応
Q11_11,2009,101,あなたは、次の①から⑭の政治家に対し、好意的な気持ちを持っていますか、それとも反感を持っていますか。好意も反感も持たないときは、下の「感情温度計」で５０度としてください。好意的な気持ちがあれば、その強さに応じて５１度から１００度、また、反感を感じていれば、４９度から０度のどこかの数字で答えてください。,前原誠司,0から100の連続反応
Q11_12,2009,101,あなたは、次の①から⑭の政治家に対し、好意的な気持ちを持っていますか、それとも反感を持っていますか。好意も反感も持たないときは、下の「感情温度計」で５０度としてください。好意的な気持ちがあれば、その強さに応じて５１度から１００度、また、反感を感じていれば、４９度から０度のどこかの数字で答えてください。,渡辺喜美,0から100の連続反応
Q11_13,2009,101,あなたは、次の①から⑭の政治家に対し、好意的な気持ちを持っていますか、それとも反感を持っていますか。好意も反感も持たないときは、下の「感情温度計」で５０度としてください。好意的な気持ちがあれば、その強さに応じて５１度から１００度、また、反感を感じていれば、４９度から０度のどこかの数字で答えてください。,橋下徹,0から100の連続反応
Q11_14,2009,101,あなたは、次の①から⑭の政治家に対し、好意的な気持ちを持っていますか、それとも反感を持っていますか。好意も反感も持たないときは、下の「感情温度計」で５０度としてください。好意的な気持ちがあれば、その強さに応じて５１度から１００度、また、反感を感じていれば、４９度から０度のどこかの数字で答えてください。,東国原英夫,0から100の連続反応
Q12,2009,5,これからの日本は、どんなふうに呼ばれる国になってほしいですか。あなたの気持ちに一番近いものに、１つだけ○を付けてください,,１．経済大国，２．福祉国家，３．平和・文化国家，４．環境先進国，５．科学技術先進国
Q1_1,2012,15,今回の選挙に際して、あなたが最も重視する政策はどれでしょうか。また2 番目、3 番目はどうですか。カッコ内に番号を記入してください。,1,1. 外交･安全保障　2. 財政･金融　3. 産業政策　4. 農林漁業　5. 教育･子育て　6. 年金･医療　7. 雇用･就職　8. 治安　9. 環境　10. 政治･行政改革　11. 地方分権　12. 憲法（護憲･改憲）　13. 震災復興･防災　14. 社会資本（インフラ整備など）　15. 原発･エネルギー政策　16. その他　99. 無回答
Q1_2,2012,15,今回の選挙に際して、あなたが最も重視する政策はどれでしょうか。また2 番目、3 番目はどうですか。カッコ内に番号を記入してください。,2,1. 外交･安全保障　2. 財政･金融　3. 産業政策　4. 農林漁業　5. 教育･子育て　6. 年金･医療　7. 雇用･就職　8. 治安　9. 環境　10. 政治･行政改革　11. 地方分権　12. 憲法（護憲･改憲）　13. 震災復興･防災　14. 社会資本（インフラ整備など）　15. 原発･エネルギー政策　16. その他　99. 無回答
Q1_3,2012,15,今回の選挙に際して、あなたが最も重視する政策はどれでしょうか。また2 番目、3 番目はどうですか。カッコ内に番号を記入してください。,3,1. 外交･安全保障　2. 財政･金融　3. 産業政策　4. 農林漁業　5. 教育･子育て　6. 年金･医療　7. 雇用･就職　8. 治安　9. 環境　10. 政治･行政改革　11. 地方分権　12. 憲法（護憲･改憲）　13. 震災復興･防災　14. 社会資本（インフラ整備など）　15. 原発･エネルギー政策　16. その他　99. 無回答
Q2_1,2012,5,選挙運動には、政策を訴えかける以外にも、さまざまな活動があります。今回の選挙に際して、あなたがもっとも重視する（政策以外の）要素はどれでしょうか。また2 番目、3番目はどうですか。カッコ内に番号を記入してください。,1,1. ふだんからあなたを応援してくれる人々や組織に働きかける2. 過去の業績を強調する（自党･友党の良さや反対党の悪さ）3. 政権担当能力を強調する（自党･友党の良さや反対党の悪さ）4. リーダーの資質を強調する（自党･友党の良さや反党の悪さ）5. あなたご自身の業績や資質を強調する
Q2_2,2012,5,選挙運動には、政策を訴えかける以外にも、さまざまな活動があります。今回の選挙に際して、あなたがもっとも重視する（政策以外の）要素はどれでしょうか。また2 番目、3番目はどうですか。カッコ内に番号を記入してください。,2,1. ふだんからあなたを応援してくれる人々や組織に働きかける2. 過去の業績を強調する（自党･友党の良さや反対党の悪さ）3. 政権担当能力を強調する（自党･友党の良さや反対党の悪さ）4. リーダーの資質を強調する（自党･友党の良さや反党の悪さ）5. あなたご自身の業績や資質を強調する
Q2_3,2012,5,選挙運動には、政策を訴えかける以外にも、さまざまな活動があります。今回の選挙に際して、あなたがもっとも重視する（政策以外の）要素はどれでしょうか。また2 番目、3番目はどうですか。カッコ内に番号を記入してください。,3,1. ふだんからあなたを応援してくれる人々や組織に働きかける2. 過去の業績を強調する（自党･友党の良さや反対党の悪さ）3. 政権担当能力を強調する（自党･友党の良さや反対党の悪さ）4. リーダーの資質を強調する（自党･友党の良さや反党の悪さ）5. あなたご自身の業績や資質を強調する
Q3_1,2012,15,選挙との関係は別にして、これまであなたが最も力を注いできた、あるいは同僚議員と比べてあなたがとくに詳しいと言える政策分野はどれでしょうか。2 番目、3 番目はどうですか。カッコ内に番号を記入してください。,1,1. 外交･安全保障　2. 財政･金融　3. 産業政策　4. 農林漁業　5. 教育･子育て　6. 年金･医療　7. 雇用･就職　8. 治安　9. 環境　10. 政治･行政改革　11. 地方分権　12. 憲法（護憲･改憲）　13. 震災復興･防災　14. 社会資本（インフラ整備など）　15. 原発･エネルギー政策　16. その他　99. 無回答
Q3_2,2012,15,選挙との関係は別にして、これまであなたが最も力を注いできた、あるいは同僚議員と比べてあなたがとくに詳しいと言える政策分野はどれでしょうか。2 番目、3 番目はどうですか。カッコ内に番号を記入してください。,2,1. 外交･安全保障　2. 財政･金融　3. 産業政策　4. 農林漁業　5. 教育･子育て　6. 年金･医療　7. 雇用･就職　8. 治安　9. 環境　10. 政治･行政改革　11. 地方分権　12. 憲法（護憲･改憲）　13. 震災復興･防災　14. 社会資本（インフラ整備など）　15. 原発･エネルギー政策　16. その他　99. 無回答
Q3_3,2012,15,選挙との関係は別にして、これまであなたが最も力を注いできた、あるいは同僚議員と比べてあなたがとくに詳しいと言える政策分野はどれでしょうか。2 番目、3 番目はどうですか。カッコ内に番号を記入してください。,3,1. 外交･安全保障　2. 財政･金融　3. 産業政策　4. 農林漁業　5. 教育･子育て　6. 年金･医療　7. 雇用･就職　8. 治安　9. 環境　10. 政治･行政改革　11. 地方分権　12. 憲法（護憲･改憲）　13. 震災復興･防災　14. 社会資本（インフラ整備など）　15. 原発･エネルギー政策　16. その他　99. 無回答
Q4_1,2012,4,あなたが所属されている政党は（無所属の場合、あなたご自身は）、選挙後、以下の各党との連立政権に参加しても良いと考えますか。(1)から(15)までの各党について1 つずつ数字に○を付けてください（なお、ご所属の政党については「4: 分が所属する政党」に○を付けてください）。,民主党,1. 選挙結果にかかわらず連立を組むべきだ　2. 選挙結果次第では連立もありうる　3. 選挙結果にかかわらず連立はありえない　4. 自分が所属する政党
Q4_2,2012,4,あなたが所属されている政党は（無所属の場合、あなたご自身は）、選挙後、以下の各党との連立政権に参加しても良いと考えますか。(1)から(15)までの各党について1 つずつ数字に○を付けてください（なお、ご所属の政党については「4: 分が所属する政党」に○を付けてください）。,自民党,1. 選挙結果にかかわらず連立を組むべきだ　2. 選挙結果次第では連立もありうる　3. 選挙結果にかかわらず連立はありえない　4. 自分が所属する政党
Q4_3,2012,4,あなたが所属されている政党は（無所属の場合、あなたご自身は）、選挙後、以下の各党との連立政権に参加しても良いと考えますか。(1)から(15)までの各党について1 つずつ数字に○を付けてください（なお、ご所属の政党については「4: 分が所属する政党」に○を付けてください）。,国民の生活が第一,1. 選挙結果にかかわらず連立を組むべきだ　2. 選挙結果次第では連立もありうる　3. 選挙結果にかかわらず連立はありえない　4. 自分が所属する政党
Q4_4,2012,4,あなたが所属されている政党は（無所属の場合、あなたご自身は）、選挙後、以下の各党との連立政権に参加しても良いと考えますか。(1)から(15)までの各党について1 つずつ数字に○を付けてください（なお、ご所属の政党については「4: 分が所属する政党」に○を付けてください）。,公明党,1. 選挙結果にかかわらず連立を組むべきだ　2. 選挙結果次第では連立もありうる　3. 選挙結果にかかわらず連立はありえない　4. 自分が所属する政党
Q4_5,2012,4,あなたが所属されている政党は（無所属の場合、あなたご自身は）、選挙後、以下の各党との連立政権に参加しても良いと考えますか。(1)から(15)までの各党について1 つずつ数字に○を付けてください（なお、ご所属の政党については「4: 分が所属する政党」に○を付けてください）。,共産党,1. 選挙結果にかかわらず連立を組むべきだ　2. 選挙結果次第では連立もありうる　3. 選挙結果にかかわらず連立はありえない　4. 自分が所属する政党
Q4_6,2012,4,あなたが所属されている政党は（無所属の場合、あなたご自身は）、選挙後、以下の各党との連立政権に参加しても良いと考えますか。(1)から(15)までの各党について1 つずつ数字に○を付けてください（なお、ご所属の政党については「4: 分が所属する政党」に○を付けてください）。,みんなの党,1. 選挙結果にかかわらず連立を組むべきだ　2. 選挙結果次第では連立もありうる　3. 選挙結果にかかわらず連立はありえない　4. 自分が所属する政党
Q4_7,2012,4,あなたが所属されている政党は（無所属の場合、あなたご自身は）、選挙後、以下の各党との連立政権に参加しても良いと考えますか。(1)から(15)までの各党について1 つずつ数字に○を付けてください（なお、ご所属の政党については「4: 分が所属する政党」に○を付けてください）。,社民党,1. 選挙結果にかかわらず連立を組むべきだ　2. 選挙結果次第では連立もありうる　3. 選挙結果にかかわらず連立はありえない　4. 自分が所属する政党
Q4_8,2012,4,あなたが所属されている政党は（無所属の場合、あなたご自身は）、選挙後、以下の各党との連立政権に参加しても良いと考えますか。(1)から(15)までの各党について1 つずつ数字に○を付けてください（なお、ご所属の政党については「4: 分が所属する政党」に○を付けてください）。,日本維新の会,1. 選挙結果にかかわらず連立を組むべきだ　2. 選挙結果次第では連立もありうる　3. 選挙結果にかかわらず連立はありえない　4. 自分が所属する政党
Q4_9,2012,4,あなたが所属されている政党は（無所属の場合、あなたご自身は）、選挙後、以下の各党との連立政権に参加しても良いと考えますか。(1)から(15)までの各党について1 つずつ数字に○を付けてください（なお、ご所属の政党については「4: 分が所属する政党」に○を付けてください）。,国民新党,1. 選挙結果にかかわらず連立を組むべきだ　2. 選挙結果次第では連立もありうる　3. 選挙結果にかかわらず連立はありえない　4. 自分が所属する政党
Q4_10,2012,4,あなたが所属されている政党は（無所属の場合、あなたご自身は）、選挙後、以下の各党との連立政権に参加しても良いと考えますか。(1)から(15)までの各党について1 つずつ数字に○を付けてください（なお、ご所属の政党については「4: 分が所属する政党」に○を付けてください）。,新党大地・真民主,1. 選挙結果にかかわらず連立を組むべきだ　2. 選挙結果次第では連立もありうる　3. 選挙結果にかかわらず連立はありえない　4. 自分が所属する政党
Q4_11,2012,4,あなたが所属されている政党は（無所属の場合、あなたご自身は）、選挙後、以下の各党との連立政権に参加しても良いと考えますか。(1)から(15)までの各党について1 つずつ数字に○を付けてください（なお、ご所属の政党については「4: 分が所属する政党」に○を付けてください）。,減税日本,1. 選挙結果にかかわらず連立を組むべきだ　2. 選挙結果次第では連立もありうる　3. 選挙結果にかかわらず連立はありえない　4. 自分が所属する政党
Q4_12,2012,4,あなたが所属されている政党は（無所属の場合、あなたご自身は）、選挙後、以下の各党との連立政権に参加しても良いと考えますか。(1)から(15)までの各党について1 つずつ数字に○を付けてください（なお、ご所属の政党については「4: 分が所属する政党」に○を付けてください）。,太陽の党,1. 選挙結果にかかわらず連立を組むべきだ　2. 選挙結果次第では連立もありうる　3. 選挙結果にかかわらず連立はありえない　4. 自分が所属する政党
Q4_13,2012,4,あなたが所属されている政党は（無所属の場合、あなたご自身は）、選挙後、以下の各党との連立政権に参加しても良いと考えますか。(1)から(15)までの各党について1 つずつ数字に○を付けてください（なお、ご所属の政党については「4: 分が所属する政党」に○を付けてください）。,新党日本,1. 選挙結果にかかわらず連立を組むべきだ　2. 選挙結果次第では連立もありうる　3. 選挙結果にかかわらず連立はありえない　4. 自分が所属する政党
Q4_14,2012,4,あなたが所属されている政党は（無所属の場合、あなたご自身は）、選挙後、以下の各党との連立政権に参加しても良いと考えますか。(1)から(15)までの各党について1 つずつ数字に○を付けてください（なお、ご所属の政党については「4: 分が所属する政党」に○を付けてください）。,みどりの風,1. 選挙結果にかかわらず連立を組むべきだ　2. 選挙結果次第では連立もありうる　3. 選挙結果にかかわらず連立はありえない　4. 自分が所属する政党
Q4_15,2012,4,あなたが所属されている政党は（無所属の場合、あなたご自身は）、選挙後、以下の各党との連立政権に参加しても良いと考えますか。(1)から(15)までの各党について1 つずつ数字に○を付けてください（なお、ご所属の政党については「4: 分が所属する政党」に○を付けてください）。,新党改革,1. 選挙結果にかかわらず連立を組むべきだ　2. 選挙結果次第では連立もありうる　3. 選挙結果にかかわらず連立はありえない　4. 自分が所属する政党
Q5_1,2012,5,次に挙げる意見について、あなたは賛成ですか、それとも反対ですか。それぞれの項目について1 つずつあてはまる番号に○を付けてください。,憲法を改正すべきだ,1. 賛成　2. どちらかと言えば賛成　3. どちらとも言えない　4. どちらかと言えば反対　5. 反対
Q5_2,2012,5,次に挙げる意見について、あなたは賛成ですか、それとも反対ですか。それぞれの項目について1 つずつあてはまる番号に○を付けてください。,日本の防衛力はもっと強化すべきだ,1. 賛成　2. どちらかと言えば賛成　3. どちらとも言えない　4. どちらかと言えば反対　5. 反対
Q5_3,2012,5,次に挙げる意見について、あなたは賛成ですか、それとも反対ですか。それぞれの項目について1 つずつあてはまる番号に○を付けてください。,他国からの攻撃が予想される場合には先制攻撃もためらうべきではない,1. 賛成　2. どちらかと言えば賛成　3. どちらとも言えない　4. どちらかと言えば反対　5. 反対
Q5_4,2012,5,次に挙げる意見について、あなたは賛成ですか、それとも反対ですか。それぞれの項目について1 つずつあてはまる番号に○を付けてください。,日本は国連の安全保障理事会の常任理事国に入って国際的役割を果たすべきだ,1. 賛成　2. どちらかと言えば賛成　3. どちらとも言えない　4. どちらかと言えば反対　5. 反対
Q5_5,2012,5,次に挙げる意見について、あなたは賛成ですか、それとも反対ですか。それぞれの項目について1 つずつあてはまる番号に○を付けてください。,北朝鮮に対しては対話よりも圧力を優先すべきだ,1. 賛成　2. どちらかと言えば賛成　3. どちらとも言えない　4. どちらかと言えば反対　5. 反対
Q5_6,2012,5,次に挙げる意見について、あなたは賛成ですか、それとも反対ですか。それぞれの項目について1 つずつあてはまる番号に○を付けてください。,憲法を改正するか解釈変更して集団的自衛権を行使できるようにすべきだ,1. 賛成　2. どちらかと言えば賛成　3. どちらとも言えない　4. どちらかと言えば反対　5. 反対
Q5_7,2012,5,次に挙げる意見について、あなたは賛成ですか、それとも反対ですか。それぞれの項目について1 つずつあてはまる番号に○を付けてください。,社会福祉など政府のサービスが悪くなっても、お金のかからない小さな政府の方が良い,1. 賛成　2. どちらかと言えば賛成　3. どちらとも言えない　4. どちらかと言えば反対　5. 反対
Q5_8,2012,5,次に挙げる意見について、あなたは賛成ですか、それとも反対ですか。それぞれの項目について1 つずつあてはまる番号に○を付けてください。,公共事業による雇用確保は必要だ,1. 賛成　2. どちらかと言えば賛成　3. どちらとも言えない　4. どちらかと言えば反対　5. 反対
Q5_9,2012,5,次に挙げる意見について、あなたは賛成ですか、それとも反対ですか。それぞれの項目について1 つずつあてはまる番号に○を付けてください。,当面は財政再建のために歳出を抑えるのではなく、景気対策のために財政出動を行うべきだ,1. 賛成　2. どちらかと言えば賛成　3. どちらとも言えない　4. どちらかと言えば反対　5. 反対
Q5_10,2012,5,次に挙げる意見について、あなたは賛成ですか、それとも反対ですか。それぞれの項目について1 つずつあてはまる番号に○を付けてください。,5 年以内の消費税率引き上げはやむをえない,1. 賛成　2. どちらかと言えば賛成　3. どちらとも言えない　4. どちらかと言えば反対　5. 反対
Q5_11,2012,5,次に挙げる意見について、あなたは賛成ですか、それとも反対ですか。それぞれの項目について1 つずつあてはまる番号に○を付けてください。,長期的には消費税率が10%よりも高くなるのはやむをえない,1. 賛成　2. どちらかと言えば賛成　3. どちらとも言えない　4. どちらかと言えば反対　5. 反対
Q5_12,2012,5,次に挙げる意見について、あなたは賛成ですか、それとも反対ですか。それぞれの項目について1 つずつあてはまる番号に○を付けてください。,資産を持っている人には年金を支給しなくてよい,1. 賛成　2. どちらかと言えば賛成　3. どちらとも言えない　4. どちらかと言えば反対　5. 反対
Q5_13,2012,5,次に挙げる意見について、あなたは賛成ですか、それとも反対ですか。それぞれの項目について1 つずつあてはまる番号に○を付けてください。,環太平洋経済連携協定（TPP）に参加すべきだ,1. 賛成　2. どちらかと言えば賛成　3. どちらとも言えない　4. どちらかと言えば反対　5. 反対
Q5_14,2012,5,次に挙げる意見について、あなたは賛成ですか、それとも反対ですか。それぞれの項目について1 つずつあてはまる番号に○を付けてください。,日銀は、明確なインフレ目標を設定すべきだ,1. 賛成　2. どちらかと言えば賛成　3. どちらとも言えない　4. どちらかと言えば反対　5. 反対
Q5_15,2012,5,次に挙げる意見について、あなたは賛成ですか、それとも反対ですか。それぞれの項目について1 つずつあてはまる番号に○を付けてください。,治安を守るためにプライバシーや個人の権利が制約されるのは当然だ,1. 賛成　2. どちらかと言えば賛成　3. どちらとも言えない　4. どちらかと言えば反対　5. 反対
Q5_16,2012,5,次に挙げる意見について、あなたは賛成ですか、それとも反対ですか。それぞれの項目について1 つずつあてはまる番号に○を付けてください。,永住外国人の地方参政権を認めるべきだ,1. 賛成　2. どちらかと言えば賛成　3. どちらとも言えない　4. どちらかと言えば反対　5. 反対
Q5_17,2012,5,次に挙げる意見について、あなたは賛成ですか、それとも反対ですか。それぞれの項目について1 つずつあてはまる番号に○を付けてください。,外国人労働者の受け入れを進めるべきだ,1. 賛成　2. どちらかと言えば賛成　3. どちらとも言えない　4. どちらかと言えば反対　5. 反対
Q5_18,2012,5,次に挙げる意見について、あなたは賛成ですか、それとも反対ですか。それぞれの項目について1 つずつあてはまる番号に○を付けてください。,道徳教育をもっと充実させるべきだ,1. 賛成　2. どちらかと言えば賛成　3. どちらとも言えない　4. どちらかと言えば反対　5. 反対
Q5_19,2012,5,次に挙げる意見について、あなたは賛成ですか、それとも反対ですか。それぞれの項目について1 つずつあてはまる番号に○を付けてください。,定期検査で停止中の原子力発電所の運転再開はやむをえない,1. 賛成　2. どちらかと言えば賛成　3. どちらとも言えない　4. どちらかと言えば反対　5. 反対
Q5_20,2012,5,次に挙げる意見について、あなたは賛成ですか、それとも反対ですか。それぞれの項目について1 つずつあてはまる番号に○を付けてください。,被災地以外の自治体は、がれきを積極的に受け入れるべきだ,1. 賛成　2. どちらかと言えば賛成　3. どちらとも言えない　4. どちらかと言えば反対　5. 反対
Q5_21,2012,5,次に挙げる意見について、あなたは賛成ですか、それとも反対ですか。それぞれの項目について1 つずつあてはまる番号に○を付けてください。,参議院に対する衆議院の優越を強めるべきだ,1. 賛成　2. どちらかと言えば賛成　3. どちらとも言えない　4. どちらかと言えば反対　5. 反対
Q5_22,2012,5,次に挙げる意見について、あなたは賛成ですか、それとも反対ですか。それぞれの項目について1 つずつあてはまる番号に○を付けてください。,首相公選制を導入すべきだ,1. 賛成　2. どちらかと言えば賛成　3. どちらとも言えない　4. どちらかと言えば反対　5. 反対
Q5_23,2012,5,次に挙げる意見について、あなたは賛成ですか、それとも反対ですか。それぞれの項目について1 つずつあてはまる番号に○を付けてください。,都道府県に代えて道州制を導入すべきだ,1. 賛成　2. どちらかと言えば賛成　3. どちらとも言えない　4. どちらかと言えば反対　5. 反対
Q5_24,2012,5,次に挙げる意見について、あなたは賛成ですか、それとも反対ですか。それぞれの項目について1 つずつあてはまる番号に○を付けてください。,消費税を地方税化して、地方交付税を廃止すべきだ,1. 賛成　2. どちらかと言えば賛成　3. どちらとも言えない　4. どちらかと言えば反対　5. 反対
Q5_25,2012,5,次に挙げる意見について、あなたは賛成ですか、それとも反対ですか。それぞれの項目について1 つずつあてはまる番号に○を付けてください。,衆議院の選挙制度を中選挙区制に戻すべきだ,1. 賛成　2. どちらかと言えば賛成　3. どちらとも言えない　4. どちらかと言えば反対　5. 反対
Q5_26,2012,5,次に挙げる意見について、あなたは賛成ですか、それとも反対ですか。それぞれの項目について1 つずつあてはまる番号に○を付けてください。,国会議員の定数を半分に減らすべきだ,1. 賛成　2. どちらかと言えば賛成　3. どちらとも言えない　4. どちらかと言えば反対　5. 反対
Q6_1,2012,5,次に挙げる9 個の争点について、あなたのお考えはA･B のどちらに近いでしょうか。(1)から(9)のそれぞれの項目について1 つずつ、あてはまる番号に○を付けてください。,A: これからの日本外交の優先順位は「まず米国」である　B: これからの日本外交の優先順位は「まずアジア」である,１．Ａに近い，２．どちらかと言えばＡ，３．どちらとも言えない，４．どちらかと言えばＢ。５．Ｂに近い
Q6_2,2012,5,次に挙げる9 個の争点について、あなたのお考えはA･B のどちらに近いでしょうか。(1)から(9)のそれぞれの項目について1 つずつ、あてはまる番号に○を付けてください。,A: 社会的格差が多少あっても、いまは経済競争力の向上を優先すべきだ　B: 経済競争力を多少犠牲にしても、いまは社会的格差の是正を優先すべきだ,１．Ａに近い，２．どちらかと言えばＡ，３．どちらとも言えない，４．どちらかと言えばＢ。５．Ｂに近い
Q6_3,2012,5,次に挙げる9 個の争点について、あなたのお考えはA･B のどちらに近いでしょうか。(1)から(9)のそれぞれの項目について1 つずつ、あてはまる番号に○を付けてください。,A: 国内産業を保護すべきだ　B: 貿易や投資の自由化を進めるべきだ,１．Ａに近い，２．どちらかと言えばＡ，３．どちらとも言えない，４．どちらかと言えばＢ。５．Ｂに近い
Q6_4,2012,5,次に挙げる9 個の争点について、あなたのお考えはA･B のどちらに近いでしょうか。(1)から(9)のそれぞれの項目について1 つずつ、あてはまる番号に○を付けてください。,A: 環境を守るため、生活水準を犠牲にすることも必要だ　B: 生活水準を犠牲にするほど、環境保護は重要問題ではない,１．Ａに近い，２．どちらかと言えばＡ，３．どちらとも言えない，４．どちらかと言えばＢ。５．Ｂに近い
Q6_5,2012,5,次に挙げる9 個の争点について、あなたのお考えはA･B のどちらに近いでしょうか。(1)から(9)のそれぞれの項目について1 つずつ、あてはまる番号に○を付けてください。,A: 夫婦と複数の子どもが揃っているのが家族の基本形だ　B: シングルマザーやDINKS など家族の形は多様でよい,１．Ａに近い，２．どちらかと言えばＡ，３．どちらとも言えない，４．どちらかと言えばＢ。５．Ｂに近い
Q6_6,2012,5,次に挙げる9 個の争点について、あなたのお考えはA･B のどちらに近いでしょうか。(1)から(9)のそれぞれの項目について1 つずつ、あてはまる番号に○を付けてください。,A: 電力に占める原子力発電の比率を、2030 年代までに0%にすべきだ　B: 2030 年代より後も、原子力発電は電力源のひとつとして保つべきだ,１．Ａに近い，２．どちらかと言えばＡ，３．どちらとも言えない，４．どちらかと言えばＢ。５．Ｂに近い
Q6_7,2012,5,次に挙げる9 個の争点について、あなたのお考えはA･B のどちらに近いでしょうか。(1)から(9)のそれぞれの項目について1 つずつ、あてはまる番号に○を付けてください。,A: 現状の政治資金に関する規制は厳し過ぎる　B: 政治資金に関する規制をもっと厳しくすべきだ,１．Ａに近い，２．どちらかと言えばＡ，３．どちらとも言えない，４．どちらかと言えばＢ。５．Ｂに近い
Q6_8,2012,5,次に挙げる9 個の争点について、あなたのお考えはA･B のどちらに近いでしょうか。(1)から(9)のそれぞれの項目について1 つずつ、あてはまる番号に○を付けてください。,A: 国会の第一義的な役割は、与野党が議論を闘わせ、国民に対して争点の所在や政党間の立場の違いを示すことにある　B: 国会の第一義的な役割は、与野党が意見を調整して、なるべく多くの国民の意思を法律に反映させることにある,１．Ａに近い，２．どちらかと言えばＡ，３．どちらとも言えない，４．どちらかと言えばＢ。５．Ｂに近い
Q6_9,2012,5,次に挙げる9 個の争点について、あなたのお考えはA･B のどちらに近いでしょうか。(1)から(9)のそれぞれの項目について1 つずつ、あてはまる番号に○を付けてください。,A: 国会での採決時、政党はなるべく党議拘束をかけて、所属議員が全員一致して行動することが望ましい　B: 国会での採決時、政党はなるべく党議拘束を外して、所属議員がそれぞれ判断して行動することが望ましい,１．Ａに近い，２．どちらかと言えばＡ，３．どちらとも言えない，４．どちらかと言えばＢ。５．Ｂに近い
Q7,2012,11,日本に限らず、政治の立場を「左」—「右」の言葉で表現することがよくあります。このものさしで、あなたの立場を示されるとしたらいかがですか。あてはまる番号に1 つだけ○をつけて下さい。,自分,0. 最も左　1.　2.　3.　4.　5.中間　6.　7.　8.　9.　10. 最も右
Q8_1,2012,11,同様のものさしで、以下の人びとや団体の立場（平均）は、どこにあるとお感じになりますか。(1)から(17)のそれぞれの項目について1 つずつ、あてはまる番号に〇を付けてください,民主党,0. 最も左　1.　2.　3.　4.　5.中間　6.　7.　8.　9.　10. 最も右
Q8_2,2012,11,同様のものさしで、以下の人びとや団体の立場（平均）は、どこにあるとお感じになりますか。(1)から(17)のそれぞれの項目について1 つずつ、あてはまる番号に〇を付けてください,自民党,0. 最も左　1.　2.　3.　4.　5.中間　6.　7.　8.　9.　10. 最も右
Q8_3,2012,11,同様のものさしで、以下の人びとや団体の立場（平均）は、どこにあるとお感じになりますか。(1)から(17)のそれぞれの項目について1 つずつ、あてはまる番号に〇を付けてください,国民の生活が第一,0. 最も左　1.　2.　3.　4.　5.中間　6.　7.　8.　9.　10. 最も右
Q8_4,2012,11,同様のものさしで、以下の人びとや団体の立場（平均）は、どこにあるとお感じになりますか。(1)から(17)のそれぞれの項目について1 つずつ、あてはまる番号に〇を付けてください,公明党,0. 最も左　1.　2.　3.　4.　5.中間　6.　7.　8.　9.　10. 最も右
Q8_5,2012,11,同様のものさしで、以下の人びとや団体の立場（平均）は、どこにあるとお感じになりますか。(1)から(17)のそれぞれの項目について1 つずつ、あてはまる番号に〇を付けてください,共産党,0. 最も左　1.　2.　3.　4.　5.中間　6.　7.　8.　9.　10. 最も右
Q8_6,2012,11,同様のものさしで、以下の人びとや団体の立場（平均）は、どこにあるとお感じになりますか。(1)から(17)のそれぞれの項目について1 つずつ、あてはまる番号に〇を付けてください,みんなの党,0. 最も左　1.　2.　3.　4.　5.中間　6.　7.　8.　9.　10. 最も右
Q8_7,2012,11,同様のものさしで、以下の人びとや団体の立場（平均）は、どこにあるとお感じになりますか。(1)から(17)のそれぞれの項目について1 つずつ、あてはまる番号に〇を付けてください,社民党,0. 最も左　1.　2.　3.　4.　5.中間　6.　7.　8.　9.　10. 最も右
Q8_8,2012,11,同様のものさしで、以下の人びとや団体の立場（平均）は、どこにあるとお感じになりますか。(1)から(17)のそれぞれの項目について1 つずつ、あてはまる番号に〇を付けてください,日本維新の会,0. 最も左　1.　2.　3.　4.　5.中間　6.　7.　8.　9.　10. 最も右
Q8_9,2012,11,同様のものさしで、以下の人びとや団体の立場（平均）は、どこにあるとお感じになりますか。(1)から(17)のそれぞれの項目について1 つずつ、あてはまる番号に〇を付けてください,国民新党,0. 最も左　1.　2.　3.　4.　5.中間　6.　7.　8.　9.　10. 最も右
Q8_10,2012,11,同様のものさしで、以下の人びとや団体の立場（平均）は、どこにあるとお感じになりますか。(1)から(17)のそれぞれの項目について1 つずつ、あてはまる番号に〇を付けてください,新党大地・真民主,0. 最も左　1.　2.　3.　4.　5.中間　6.　7.　8.　9.　10. 最も右
Q8_11,2012,11,同様のものさしで、以下の人びとや団体の立場（平均）は、どこにあるとお感じになりますか。(1)から(17)のそれぞれの項目について1 つずつ、あてはまる番号に〇を付けてください,減税日本,0. 最も左　1.　2.　3.　4.　5.中間　6.　7.　8.　9.　10. 最も右
Q8_12,2012,11,同様のものさしで、以下の人びとや団体の立場（平均）は、どこにあるとお感じになりますか。(1)から(17)のそれぞれの項目について1 つずつ、あてはまる番号に〇を付けてください,太陽の党,0. 最も左　1.　2.　3.　4.　5.中間　6.　7.　8.　9.　10. 最も右
Q8_13,2012,11,同様のものさしで、以下の人びとや団体の立場（平均）は、どこにあるとお感じになりますか。(1)から(17)のそれぞれの項目について1 つずつ、あてはまる番号に〇を付けてください,新党日本,0. 最も左　1.　2.　3.　4.　5.中間　6.　7.　8.　9.　10. 最も右
Q8_14,2012,11,同様のものさしで、以下の人びとや団体の立場（平均）は、どこにあるとお感じになりますか。(1)から(17)のそれぞれの項目について1 つずつ、あてはまる番号に〇を付けてください,みどりの風,0. 最も左　1.　2.　3.　4.　5.中間　6.　7.　8.　9.　10. 最も右
Q8_15,2012,11,同様のものさしで、以下の人びとや団体の立場（平均）は、どこにあるとお感じになりますか。(1)から(17)のそれぞれの項目について1 つずつ、あてはまる番号に〇を付けてください,新党改革,0. 最も左　1.　2.　3.　4.　5.中間　6.　7.　8.　9.　10. 最も右
Q8_16,2012,11,同様のものさしで、以下の人びとや団体の立場（平均）は、どこにあるとお感じになりますか。(1)から(17)のそれぞれの項目について1 つずつ、あてはまる番号に〇を付けてください,全有権者の平均,0. 最も左　1.　2.　3.　4.　5.中間　6.　7.　8.　9.　10. 最も右
Q8_17,2012,11,同様のものさしで、以下の人びとや団体の立場（平均）は、どこにあるとお感じになりますか。(1)から(17)のそれぞれの項目について1 つずつ、あてはまる番号に〇を付けてください,マスコミ（朝日新聞に限らない業界全体についてお答えください）,0. 最も左　1.　2.　3.　4.　5.中間　6.　7.　8.　9.　10. 最も右
Q9_1,2012,5,あなたは、以下の各国に親しみを感じますか、それとも感じませんか。それぞれの国について1 つずつ○をつけて下さい。,アメリカ,1. 親しみを感じる　2. どちらかと言えば親しみを感じる　3. どちらとも言えない　4. どちらかと言えば親しみを感じない　5. 親しみを感じない
Q9_2,2012,5,あなたは、以下の各国に親しみを感じますか、それとも感じませんか。それぞれの国について1 つずつ○をつけて下さい。,中国,1. 親しみを感じる　2. どちらかと言えば親しみを感じる　3. どちらとも言えない　4. どちらかと言えば親しみを感じない　5. 親しみを感じない
Q9_3,2012,5,あなたは、以下の各国に親しみを感じますか、それとも感じませんか。それぞれの国について1 つずつ○をつけて下さい。,ロシア,1. 親しみを感じる　2. どちらかと言えば親しみを感じる　3. どちらとも言えない　4. どちらかと言えば親しみを感じない　5. 親しみを感じない
Q9_4,2012,5,あなたは、以下の各国に親しみを感じますか、それとも感じませんか。それぞれの国について1 つずつ○をつけて下さい。,韓国,1. 親しみを感じる　2. どちらかと言えば親しみを感じる　3. どちらとも言えない　4. どちらかと言えば親しみを感じない　5. 親しみを感じない
Q10_1,2012,101,あなたは、次の(1)から(18)の政治家に対し、好意的な気持ちを持っていますか、それとも反感を持っていますか。好意も反感も持たないときは、下の「感情温度計」で50 度としてください。好意的な気持ちがあれば、その強さに応じて51 度ら100 度、また、反感を感じていれば、49 度から0 度のどこかの数字で答えてください（小数点を用いず、0～100の整数でお願いします）,(1) 野田佳彦 （民主党）,0から100の連続反応
Q10_2,2012,101,あなたは、次の(1)から(18)の政治家に対し、好意的な気持ちを持っていますか、それとも反感を持っていますか。好意も反感も持たないときは、下の「感情温度計」で50 度としてください。好意的な気持ちがあれば、その強さに応じて51 度ら100 度、また、反感を感じていれば、49 度から0 度のどこかの数字で答えてください（小数点を用いず、0～100の整数でお願いします）,(2) 安倍晋三 （自民党）,0から100の連続反応
Q10_3,2012,101,あなたは、次の(1)から(18)の政治家に対し、好意的な気持ちを持っていますか、それとも反感を持っていますか。好意も反感も持たないときは、下の「感情温度計」で50 度としてください。好意的な気持ちがあれば、その強さに応じて51 度ら100 度、また、反感を感じていれば、49 度から0 度のどこかの数字で答えてください（小数点を用いず、0～100の整数でお願いします）,(3) 小沢一郎 （国民の生活が第一）,0から100の連続反応
Q10_4,2012,101,あなたは、次の(1)から(18)の政治家に対し、好意的な気持ちを持っていますか、それとも反感を持っていますか。好意も反感も持たないときは、下の「感情温度計」で50 度としてください。好意的な気持ちがあれば、その強さに応じて51 度ら100 度、また、反感を感じていれば、49 度から0 度のどこかの数字で答えてください（小数点を用いず、0～100の整数でお願いします）,(4) 山口那津男 （公明党）,0から100の連続反応
Q10_5,2012,101,あなたは、次の(1)から(18)の政治家に対し、好意的な気持ちを持っていますか、それとも反感を持っていますか。好意も反感も持たないときは、下の「感情温度計」で50 度としてください。好意的な気持ちがあれば、その強さに応じて51 度ら100 度、また、反感を感じていれば、49 度から0 度のどこかの数字で答えてください（小数点を用いず、0～100の整数でお願いします）,(5) 志位和夫 （共産党）,0から100の連続反応
Q10_6,2012,101,あなたは、次の(1)から(18)の政治家に対し、好意的な気持ちを持っていますか、それとも反感を持っていますか。好意も反感も持たないときは、下の「感情温度計」で50 度としてください。好意的な気持ちがあれば、その強さに応じて51 度ら100 度、また、反感を感じていれば、49 度から0 度のどこかの数字で答えてください（小数点を用いず、0～100の整数でお願いします）,(6) 渡辺喜美 （みんなの党）,0から100の連続反応
Q10_7,2012,101,あなたは、次の(1)から(18)の政治家に対し、好意的な気持ちを持っていますか、それとも反感を持っていますか。好意も反感も持たないときは、下の「感情温度計」で50 度としてください。好意的な気持ちがあれば、その強さに応じて51 度ら100 度、また、反感を感じていれば、49 度から0 度のどこかの数字で答えてください（小数点を用いず、0～100の整数でお願いします）,(7) 福島瑞穂 （社民党）,0から100の連続反応
Q10_8,2012,101,あなたは、次の(1)から(18)の政治家に対し、好意的な気持ちを持っていますか、それとも反感を持っていますか。好意も反感も持たないときは、下の「感情温度計」で50 度としてください。好意的な気持ちがあれば、その強さに応じて51 度ら100 度、また、反感を感じていれば、49 度から0 度のどこかの数字で答えてください（小数点を用いず、0～100の整数でお願いします）,(8) 橋下徹 （日本維新の会）,0から100の連続反応
Q10_9,2012,101,あなたは、次の(1)から(18)の政治家に対し、好意的な気持ちを持っていますか、それとも反感を持っていますか。好意も反感も持たないときは、下の「感情温度計」で50 度としてください。好意的な気持ちがあれば、その強さに応じて51 度ら100 度、また、反感を感じていれば、49 度から0 度のどこかの数字で答えてください（小数点を用いず、0～100の整数でお願いします）,(9) 自見庄三郎 （国民新党）,0から100の連続反応
Q10_10,2012,101,あなたは、次の(1)から(18)の政治家に対し、好意的な気持ちを持っていますか、それとも反感を持っていますか。好意も反感も持たないときは、下の「感情温度計」で50 度としてください。好意的な気持ちがあれば、その強さに応じて51 度ら100 度、また、反感を感じていれば、49 度から0 度のどこかの数字で答えてください（小数点を用いず、0～100の整数でお願いします）,(10) 鈴木宗男 （新党大地･真民主）,0から100の連続反応
Q10_11,2012,101,あなたは、次の(1)から(18)の政治家に対し、好意的な気持ちを持っていますか、それとも反感を持っていますか。好意も反感も持たないときは、下の「感情温度計」で50 度としてください。好意的な気持ちがあれば、その強さに応じて51 度ら100 度、また、反感を感じていれば、49 度から0 度のどこかの数字で答えてください（小数点を用いず、0～100の整数でお願いします）,(11) 河村たかし （減税日本）,0から100の連続反応
Q10_12,2012,101,あなたは、次の(1)から(18)の政治家に対し、好意的な気持ちを持っていますか、それとも反感を持っていますか。好意も反感も持たないときは、下の「感情温度計」で50 度としてください。好意的な気持ちがあれば、その強さに応じて51 度ら100 度、また、反感を感じていれば、49 度から0 度のどこかの数字で答えてください（小数点を用いず、0～100の整数でお願いします）,(12) 石原慎太郎 （太陽の党）,0から100の連続反応
Q10_13,2012,101,あなたは、次の(1)から(18)の政治家に対し、好意的な気持ちを持っていますか、それとも反感を持っていますか。好意も反感も持たないときは、下の「感情温度計」で50 度としてください。好意的な気持ちがあれば、その強さに応じて51 度ら100 度、また、反感を感じていれば、49 度から0 度のどこかの数字で答えてください（小数点を用いず、0～100の整数でお願いします）,(13) 平沼赳夫 （太陽の党）,0から100の連続反応
Q10_14,2012,101,あなたは、次の(1)から(18)の政治家に対し、好意的な気持ちを持っていますか、それとも反感を持っていますか。好意も反感も持たないときは、下の「感情温度計」で50 度としてください。好意的な気持ちがあれば、その強さに応じて51 度ら100 度、また、反感を感じていれば、49 度から0 度のどこかの数字で答えてください（小数点を用いず、0～100の整数でお願いします）,(14) 田中康夫 （新党日本）,0から100の連続反応
Q10_15,2012,101,あなたは、次の(1)から(18)の政治家に対し、好意的な気持ちを持っていますか、それとも反感を持っていますか。好意も反感も持たないときは、下の「感情温度計」で50 度としてください。好意的な気持ちがあれば、その強さに応じて51 度ら100 度、また、反感を感じていれば、49 度から0 度のどこかの数字で答えてください（小数点を用いず、0～100の整数でお願いします）,(15) 谷岡郁子 （みどりの風）,0から100の連続反応
Q10_16,2012,101,あなたは、次の(1)から(18)の政治家に対し、好意的な気持ちを持っていますか、それとも反感を持っていますか。好意も反感も持たないときは、下の「感情温度計」で50 度としてください。好意的な気持ちがあれば、その強さに応じて51 度ら100 度、また、反感を感じていれば、49 度から0 度のどこかの数字で答えてください（小数点を用いず、0～100の整数でお願いします）,(16) 舛添要一 （新党改革）,0から100の連続反応
Q10_17,2012,101,あなたは、次の(1)から(18)の政治家に対し、好意的な気持ちを持っていますか、それとも反感を持っていますか。好意も反感も持たないときは、下の「感情温度計」で50 度としてください。好意的な気持ちがあれば、その強さに応じて51 度ら100 度、また、反感を感じていれば、49 度から0 度のどこかの数字で答えてください（小数点を用いず、0～100の整数でお願いします）,(17) 輿石東 （民主党）,0から100の連続反応
Q10_18,2012,101,あなたは、次の(1)から(18)の政治家に対し、好意的な気持ちを持っていますか、それとも反感を持っていますか。好意も反感も持たないときは、下の「感情温度計」で50 度としてください。好意的な気持ちがあれば、その強さに応じて51 度ら100 度、また、反感を感じていれば、49 度から0 度のどこかの数字で答えてください（小数点を用いず、0～100の整数でお願いします）,(18) 石破茂 （自民党）,0から100の連続反応
Q11_1,2012,6,有権者や支持者への情報発信手段について、いくつかおうかがいします。,あなたはご自身のホームページ（ブログを含む）をお持ちですか。お持ちの場合、どのくらいの頻度で情報を更新しますか。,0. ホームページを持っていない　1. ホームページはあるが、あまり更新しない　2. 月1 回更新する　3. 週1 回更新する　4. 数日に1 回更新する　5. 毎日更新する
Q11_2,2012,6,有権者や支持者への情報発信手段について、いくつかおうかがいします。,政党支部や後援会などで会報やビラを発行されていますか。発行されている場合、どのくらいの頻度で発行しますか。,0. 会報やビラを発行したことはない　1. 発行したことがあるが、最近はしていない　2. 年1 回発行する　3. 半年に1 回発行する　4. 数か月に1 回発行する　5. 毎月発行する
Q11_3,2012,5,有権者や支持者への情報発信手段について、いくつかおうかがいします。,普段インターネットで、ツイッターやフェイスブックなどのSNS（ソーシャルネットワークサービス）をご利用されていますか。ご利用される場合、どのくらいの頻度で発信しますか。,0. まったく発信しない　1. 週1 回以下　2. 数日に1 回　3. 毎日1 回　4. 1 日数回以上
Q11_4,2012,6,有権者や支持者への情報発信手段について、いくつかおうかがいします。,テレビやラジオに出演されますか。出演される場合、どのくらいの頻度で出演しますか（政治家としての立場で、スタジオに赴く･取材を受けるなどご自身の意思でなさったものに限ります）。,0. テレビやラジオに出演したことはない　1. 出演したことはあるが、最近はない　2. 過去1 年間に1～2 回出演した　3. 過去1 年間に3～5 回出演した　4. 過去1 年間に6～9 回出演した　5. 過去1 年間に10 回以上出演した
Q11_5,2012,6,有権者や支持者への情報発信手段について、いくつかおうかがいします。,前職の方のみ回答してください。国会会期中は、地元へどのくらいの頻度で戻られますか。,0. あまり戻らない（戻れない）　1. 月1 回戻る　2. 月に2～3 回戻る　　3. 週1 回戻る　4. 数日に1 回戻る　5. 毎日戻る
Q12_1,2012,5,政治とインターネットの関係について、さまざまな意見があります。それぞれの項目について1 つずつあてはまる番号に○を付けてください。,インターネットは、世論を把握する手段として役に立つ,1. そう思う　2. どちらかと言えばそう思う　3. どちらとも言えない　4. どちらかと言えばそう思わない　5. そう思わない
Q12_2,2012,5,政治とインターネットの関係について、さまざまな意見があります。それぞれの項目について1 つずつあてはまる番号に○を付けてください。,インターネットは、自分の活動や意見を人びとに伝える手段として役に立つ,1. そう思う　2. どちらかと言えばそう思う　3. どちらとも言えない　4. どちらかと言えばそう思わない　5. そう思わない
Q12_3,2012,5,政治とインターネットの関係について、さまざまな意見があります。それぞれの項目について1 つずつあてはまる番号に○を付けてください。,インターネットは、寄付を募るうえで役に立つ,1. そう思う　2. どちらかと言えばそう思う　3. どちらとも言えない　4. どちらかと言えばそう思わない　5. そう思わない
Q12_4,2012,5,政治とインターネットの関係について、さまざまな意見があります。それぞれの項目について1 つずつあてはまる番号に○を付けてください。,インターネットは、集票手段として役に立つ,1. そう思う　2. どちらかと言えばそう思う　3. どちらとも言えない　4. どちらかと言えばそう思わない　5. そう思わない
Q12_5,2012,5,政治とインターネットの関係について、さまざまな意見があります。それぞれの項目について1 つずつあてはまる番号に○を付けてください。,インターネットによって、マスコミの政治的影響力は低下した,1. そう思う　2. どちらかと言えばそう思う　3. どちらとも言えない　4. どちらかと言えばそう思わない　5. そう思わない
Q12_6,2012,5,政治とインターネットの関係について、さまざまな意見があります。それぞれの項目について1 つずつあてはまる番号に○を付けてください。,自分の支持者のうち、インターネットをよく利用している人はそれほど多くない,1. そう思う　2. どちらかと言えばそう思う　3. どちらとも言えない　4. どちらかと言えばそう思わない　5. そう思わない
Q12_7,2012,5,政治とインターネットの関係について、さまざまな意見があります。それぞれの項目について1 つずつあてはまる番号に○を付けてください。,誹謗中傷やなりすましなど、インターネット悪用の問題が多い,1. そう思う　2. どちらかと言えばそう思う　3. どちらとも言えない　4. どちらかと言えばそう思わない　5. そう思わない
Q12_8,2012,5,政治とインターネットの関係について、さまざまな意見があります。それぞれの項目について1 つずつあてはまる番号に○を付けてください。,インターネットを政治活動に活用するためには相当のｺｽﾄがかかりそうだ,1. そう思う　2. どちらかと言えばそう思う　3. どちらとも言えない　4. どちらかと言えばそう思わない　5. そう思わない
Q13,2012,,あなたは、東京やご自身の選挙区（比例ブロック）に、何か所事務所をお持ちでしょうか。（注意: 議員会館や常設ではない選挙事務所は数に含めないでください。また、資金管理団体と政党支部のように法律上は別々の政治団体の事務所でっも、事実上一体的に運営されている場合は、「1 か所」として数えてください。おおよその数字で結構です。）,,
Q14,2012,,あなたは、東京やご自身の選挙区（比例ブロック）に、何人スタッフをお持ちでしょうか。（注意: 総選挙のために臨時的に雇用された方は除きます。その他の方は、公設/私設･有給/無給を問わず、数に含めてください。非常勤の方がいらっゃる場合は、週当たりの延べ勤務時間を基に、「40 時間=1 人」の割合でご計算ください。おおよその数字で結構です。）,,
Q15,2012,,今回の総選挙に「○○選挙」と名前を付けるとしたら、あなたは何がふさわしいと思いますか。自由にご記入ください。,,
