common_id,2009_syu,2012_syu,2014_syu,2017_syu,2009_ykn,2010_ykn,2012_ykn,2013_ykn,2014_ykn,2016_ykn,カテゴリ,質問項目１,質問項目２,回答欄,備考1,備考2,朝日項目名
q1,Q2_1,Q1_1,Q1_1,Q1_1,,,,,,,15,今回の選挙に際して、あなたが最も重視する政策はどれでしょうか。また２番目、３番目はどうですか。,1,１．外交　２．財政再建 ３．景気対策　４．経済構造改革 ５．農林漁業 ６．教育 ７．年金 ８．医療 ９．雇用・就職　１０．治安１１．環境 １２．政治・行政改革 １３．地方分権 １４．憲法（護憲・改憲） １５．その他（具体的に ）,,,
q2,Q2_2,Q1_2,Q1_2,Q1_2,,,,,,,15,今回の選挙に際して、あなたが最も重視する政策はどれでしょうか。また２番目、３番目はどうですか。,2,１．外交　２．財政再建 ３．景気対策　４．経済構造改革 ５．農林漁業 ６．教育 ７．年金 ８．医療 ９．雇用・就職　１０．治安１１．環境 １２．政治・行政改革 １３．地方分権 １４．憲法（護憲・改憲） １５．その他（具体的に ）,,,
q3,Q2_3,Q1_3,Q1_3,Q1_3,,,,,,,15,今回の選挙に際して、あなたが最も重視する政策はどれでしょうか。また２番目、３番目はどうですか。,3,１．外交　２．財政再建 ３．景気対策　４．経済構造改革 ５．農林漁業 ６．教育 ７．年金 ８．医療 ９．雇用・就職　１０．治安１１．環境 １２．政治・行政改革 １３．地方分権 １４．憲法（護憲・改憲） １５．その他（具体的に ）,,,
q4,Q3_1,Q3_1,,,,,,,,,15,選挙との関係は別にして、これまであなたが最も力を注いできた、あるいは同僚議員と比べてあなたがとくに詳しいと言える政策分野はどれでしょうか。２番目、３番目はどうですか。,1,１．外交　２．財政再建 ３．景気対策　４．経済構造改革 ５．農林漁業 ６．教育 ７．年金 ８．医療 ９．雇用・就職　１０．治安１１．環境 １２．政治・行政改革 １３．地方分権 １４．憲法（護憲・改憲） １５．その他（具体的に ）,,,
q5,Q3_2,Q3_2,,,,,,,,,15,選挙との関係は別にして、これまであなたが最も力を注いできた、あるいは同僚議員と比べてあなたがとくに詳しいと言える政策分野はどれでしょうか。２番目、３番目はどうですか。,2,１．外交　２．財政再建 ３．景気対策　４．経済構造改革 ５．農林漁業 ６．教育 ７．年金 ８．医療 ９．雇用・就職　１０．治安１１．環境 １２．政治・行政改革 １３．地方分権 １４．憲法（護憲・改憲） １５．その他（具体的に ）,,,
q6,Q3_3,Q3_3,,,,,,,,,15,選挙との関係は別にして、これまであなたが最も力を注いできた、あるいは同僚議員と比べてあなたがとくに詳しいと言える政策分野はどれでしょうか。２番目、３番目はどうですか。,3,１．外交　２．財政再建 ３．景気対策　４．経済構造改革 ５．農林漁業 ６．教育 ７．年金 ８．医療 ９．雇用・就職　１０．治安１１．環境 １２．政治・行政改革 １３．地方分権 １４．憲法（護憲・改憲） １５．その他（具体的に ）,,,
q7,Q4_1,Q2_1,Q2_1,,,,,,,,5,選挙運動には、政策を訴えかける以外にも、さまざまな活動があります。今回の選挙に際して、あなたがもっとも重視する（政策以外の）要素はどれでしょうか。また２番目、３番目はどうですか。,1,１．ふだんからあなたを応援してくれる人々や組織に働きかける ２．過去の業績を強調する（自党・友党の良さや反対党の悪さ） ３．政権担当能力を強調する（自党・友党の良さや反対党の悪さ）４．リーダーの資質を強調する（自・友党の良さや反対党の悪さ） ５．あなたご自身の業績や資質を強調する,,,
q8,Q4_2,Q2_2,Q2_2,,,,,,,,5,選挙運動には、政策を訴えかける以外にも、さまざまな活動があります。今回の選挙に際して、あなたがもっとも重視する（政策以外の）要素はどれでしょうか。また２番目、３番目はどうですか。,2,１．ふだんからあなたを応援してくれる人々や組織に働きかける ２．過去の業績を強調する（自党・友党の良さや反対党の悪さ） ３．政権担当能力を強調する（自党・友党の良さや反対党の悪さ）４．リーダーの資質を強調する（自・友党の良さや反対党の悪さ） ５．あなたご自身の業績や資質を強調する,,,
q9,Q4_3,Q2_3,Q2_3,,,,,,,,5,選挙運動には、政策を訴えかける以外にも、さまざまな活動があります。今回の選挙に際して、あなたがもっとも重視する（政策以外の）要素はどれでしょうか。また２番目、３番目はどうですか。,3,１．ふだんからあなたを応援してくれる人々や組織に働きかける ２．過去の業績を強調する（自党・友党の良さや反対党の悪さ） ３．政権担当能力を強調する（自党・友党の良さや反対党の悪さ）４．リーダーの資質を強調する（自・友党の良さや反対党の悪さ） ５．あなたご自身の業績や資質を強調する,,,
q10,Q8_1,Q5_25,,,,,,,,,5,次に挙げる意見について、あなたは賛成ですか、それとも反対ですか。①から⑤のそれぞれの項目について１つずつ、あてはまる番号に○を付けてください。,衆議院の選挙制度を中選挙区制に戻すべきだ,１．賛成，２．どちらかと言えば賛成，３．どちらとも言えない，４．どちらかと言えば反対，５．反対,,,
q11,Q8_2,,,,,,,,,,5,次に挙げる意見について、あなたは賛成ですか、それとも反対ですか。①から⑤のそれぞれの項目について１つずつ、あてはまる番号に○を付けてください。,今回はともかく、一般論として政権交代があったほうが政治は良くなる,１．賛成，２．どちらかと言えば賛成，３．どちらとも言えない，４．どちらかと言えば反対，５．反対,,,
q12,Q8_3,,,,,,,,,,5,次に挙げる意見について、あなたは賛成ですか、それとも反対ですか。①から⑤のそれぞれの項目について１つずつ、あてはまる番号に○を付けてください。,官僚の天下りは全面的に禁止すべきだ,１．賛成，２．どちらかと言えば賛成，３．どちらとも言えない，４．どちらかと言えば反対，５．反対,,,
q13,Q8_4,Q5_21,,,,,,,,,5,次に挙げる意見について、あなたは賛成ですか、それとも反対ですか。①から⑤のそれぞれの項目について１つずつ、あてはまる番号に○を付けてください。,参議院に対する衆議院の優越を強めるべきだ,１．賛成，２．どちらかと言えば賛成，３．どちらとも言えない，４．どちらかと言えば反対，５．反対,,,
q14,Q8_5,,,,,,,,,,5,次に挙げる意見について、あなたは賛成ですか、それとも反対ですか。①から⑤のそれぞれの項目について１つずつ、あてはまる番号に○を付けてください。,近い将来に政界再編が必要だ,１．賛成，２．どちらかと言えば賛成，３．どちらとも言えない，４．どちらかと言えば反対，５．反対,,,
q15,,Q5_22,,,,,,,,,5,次に挙げる意見について、あなたは賛成ですか、それとも反対ですか。①から⑤のそれぞれの項目について１つずつ、あてはまる番号に○を付けてください。,首相公選制を導入すべきだ,１．賛成，２．どちらかと言えば賛成，３．どちらとも言えない，４．どちらかと言えば反対，５．反対,,,
q16,,Q5_23,,,,,,,,,5,次に挙げる意見について、あなたは賛成ですか、それとも反対ですか。①から⑤のそれぞれの項目について１つずつ、あてはまる番号に○を付けてください。,都道府県に代えて道州制を導入すべきだ,１．賛成，２．どちらかと言えば賛成，３．どちらとも言えない，４．どちらかと言えば反対，５．反対,,,
q17,,Q5_24,,,,,,,,,5,次に挙げる意見について、あなたは賛成ですか、それとも反対ですか。①から⑤のそれぞれの項目について１つずつ、あてはまる番号に○を付けてください。,消費税を地方税化して、地方交付税を廃止すべきだ,１．賛成，２．どちらかと言えば賛成，３．どちらとも言えない，４．どちらかと言えば反対，５．反対,,,
q18,,Q5_26,,,,,,,,,5,次に挙げる意見について、あなたは賛成ですか、それとも反対ですか。①から⑤のそれぞれの項目について１つずつ、あてはまる番号に○を付けてください。,国会議員の定数を半分に減らすべきだ,１．賛成，２．どちらかと言えば賛成，３．どちらとも言えない，４．どちらかと言えば反対，５．反対,,,
q19,,,,,,,,,,,5,次に挙げる意見について、あなたは賛成ですか、それとも反対ですか。①から⑤のそれぞれの項目について１つずつ、あてはまる番号に○を付けてください。,国会は一院制にすべきだ,１．賛成，２．どちらかと言えば賛成，３．どちらとも言えない，４．どちらかと言えば反対，５．反対,,,一院制
q20,Q4_17,,,Q4_16,,,,,,,5,次に挙げる意見について、あなたは賛成ですか、それとも反対ですか。①から⑤のそれぞれの項目について１つずつ、あてはまる番号に○を付けてください。,被選挙権を得られる年齢を引き下げるべきだ,１．賛成，２．どちらかと言えば賛成，３．どちらとも言えない，４．どちらかと言えば反対，５．反対,,,被選挙権年齢引き下げ
q21,Q9_1,Q5_1,,,,,,,,,5,次に挙げる意見について、あなたは賛成ですか、それとも反対ですか。①から⑤のそれぞれの項目について１つずつ、あてはまる番号に○を付けてください。,憲法を改正すべきだ,１．賛成，２．どちらかと言えば賛成，３．どちらとも言えない，４．どちらかと言えば反対，５．反対,,14年と17年は質問方法がやや異なる,憲法改正
q22,,,Q8,Q7,,,,,,,5,「憲法を改正すべきだ」という意見について、あなたは賛成ですか、それとも反対ですか。１つだけ○を付けてください。,「憲法を改正すべきだ」という意見について、あなたは賛成ですか、それとも反対ですか。１つだけ○を付けてください。,１．賛成，２．どちらかと言えば賛成，３．どちらとも言えない，４．どちらかと言えば反対，５．反対,,14年と17年は質問方法がやや異なる,憲法改正の是非
q23,,Q5_6,,,,,,,,,5,次に挙げる意見について、あなたは賛成ですか、それとも反対ですか。①から⑤のそれぞれの項目について１つずつ、あてはまる番号に○を付けてください。,憲法を改正するか解釈変更して集団的自衛権を行使できるようにすべきだ,１．賛成，２．どちらかと言えば賛成，３．どちらとも言えない，４．どちらかと言えば反対，５．反対,,,
q24,Q9_2,Q5_2,Q6_1,Q4_1,,,,,,,5,次に挙げる意見について、あなたは賛成ですか、それとも反対ですか。①から⑤のそれぞれの項目について１つずつ、あてはまる番号に○を付けてください。,日本の防衛力はもっと強化すべきだ,１．賛成，２．どちらかと言えば賛成，３．どちらとも言えない，４．どちらかと言えば反対，５．反対,,,防衛力強化
q25,Q9_3,,,Q4_4,,,,,,,5,次に挙げる意見について、あなたは賛成ですか、それとも反対ですか。①から⑤のそれぞれの項目について１つずつ、あてはまる番号に○を付けてください。,非核三原則を堅持すべきだ,１．賛成，２．どちらかと言えば賛成，３．どちらとも言えない，４．どちらかと言えば反対，５．反対,,,非核三原則保持
q26,Q9_4,Q5_3,Q6_2,Q4_2,,,,,,,5,次に挙げる意見について、あなたは賛成ですか、それとも反対ですか。①から⑤のそれぞれの項目について１つずつ、あてはまる番号に○を付けてください。,他国からの攻撃が予想される場合には、先制攻撃もためらうべきではない,１．賛成，２．どちらかと言えば賛成，３．どちらとも言えない，４．どちらかと言えば反対，５．反対,,,先制攻撃
q27,Q9_5,Q5_4,,,,,,,,,5,次に挙げる意見について、あなたは賛成ですか、それとも反対ですか。①から⑤のそれぞれの項目について１つずつ、あてはまる番号に○を付けてください。,日本は国連の安全保障理事会の常任理事国に入って国際的役割を果たすべきだ,１．賛成，２．どちらかと言えば賛成，３．どちらとも言えない，４．どちらかと言えば反対，５．反対,,,常任理事国入り
q28,Q9_6,Q5_5,Q6_3,Q4_3,,,,,,,5,次に挙げる意見について、あなたは賛成ですか、それとも反対ですか。①から⑤のそれぞれの項目について１つずつ、あてはまる番号に○を付けてください。,北朝鮮に対しては対話よりも圧力を優先すべきだ,１．賛成，２．どちらかと言えば賛成，３．どちらとも言えない，４．どちらかと言えば反対，５．反対,,,対北朝鮮圧力
q29,Q9_7,,,,,,,,,,5,次に挙げる意見について、あなたは賛成ですか、それとも反対ですか。①から⑤のそれぞれの項目について１つずつ、あてはまる番号に○を付けてください。,日本は集団的自衛権を行使すべきだ,１．賛成，２．どちらかと言えば賛成，３．どちらとも言えない，４．どちらかと言えば反対，５．反対,,,集団的自衛権
q30,Q9_8,,,,,,,,,,5,次に挙げる意見について、あなたは賛成ですか、それとも反対ですか。①から⑤のそれぞれの項目について１つずつ、あてはまる番号に○を付けてください。,国連の活動に参加するためなら、自衛隊を積極的に海外に出すべきだ,１．賛成，２．どちらかと言えば賛成，３．どちらとも言えない，４．どちらかと言えば反対，５．反対,,,自衛隊海外派遣
q31,Q9_9,Q5_7,Q6_5,Q4_6,,,,,,,5,次に挙げる意見について、あなたは賛成ですか、それとも反対ですか。①から⑤のそれぞれの項目について１つずつ、あてはまる番号に○を付けてください。,社会福祉など政府のサービスが悪くなっても、お金のかからない小さな政府の方が良い,１．賛成，２．どちらかと言えば賛成，３．どちらとも言えない，４．どちらかと言えば反対，５．反対,,,小さな政府
q32,Q9_10,,,,,,,,,,5,次に挙げる意見について、あなたは賛成ですか、それとも反対ですか。①から⑤のそれぞれの項目について１つずつ、あてはまる番号に○を付けてください。,日本の企業は終身雇用制度を堅持すべきだ,１．賛成，２．どちらかと言えば賛成，３．どちらとも言えない，４．どちらかと言えば反対，５．反対,,,終身雇用維持
q33,Q9_11,Q5_8,Q6_6,Q4_7,,,,,,,5,次に挙げる意見について、あなたは賛成ですか、それとも反対ですか。①から⑤のそれぞれの項目について１つずつ、あてはまる番号に○を付けてください。,公共事業による雇用確保は必要だ,１．賛成，２．どちらかと言えば賛成，３．どちらとも言えない，４．どちらかと言えば反対，５．反対,,,公共事業による雇用確保
q34,Q9_12,Q5_9,Q6_7,Q4_8,,,,,,,5,次に挙げる意見について、あなたは賛成ですか、それとも反対ですか。①から⑤のそれぞれの項目について１つずつ、あてはまる番号に○を付けてください。,当面は財政再建のために歳出を抑えるのではなく、景気対策のために財政出動を行うべきだ,１．賛成，２．どちらかと言えば賛成，３．どちらとも言えない，４．どちらかと言えば反対，５．反対,,,景気対策のための財政出動
q35,Q9_13,,,,,,,,,,5,次に挙げる意見について、あなたは賛成ですか、それとも反対ですか。①から⑤のそれぞれの項目について１つずつ、あてはまる番号に○を付けてください。,道路予算を維持すべきだ,１．賛成，２．どちらかと言えば賛成，３．どちらとも言えない，４．どちらかと言えば反対，５．反対,,,道路予算維持
q36,Q9_14,Q5_10,,,,,,,,,5,次に挙げる意見について、あなたは賛成ですか、それとも反対ですか。①から⑤のそれぞれの項目について１つずつ、あてはまる番号に○を付けてください。,５年以内の消費税率引き上げはやむをえない,１．賛成，２．どちらかと言えば賛成，３．どちらとも言えない，４．どちらかと言えば反対，５．反対,,,5年以内の消費税引き上げ
q37,,Q5_11,Q6_8,,,,,,,,5,次に挙げる意見について、あなたは賛成ですか、それとも反対ですか。①から⑤のそれぞれの項目について１つずつ、あてはまる番号に○を付けてください。,長期的には消費税率が10%よりも高くなるのはやむをえない,１．賛成，２．どちらかと言えば賛成，３．どちらとも言えない，４．どちらかと言えば反対，５．反対,,,
q38,Q9_15,,,,,,,,,,5,次に挙げる意見について、あなたは賛成ですか、それとも反対ですか。①から⑤のそれぞれの項目について１つずつ、あてはまる番号に○を付けてください。,基礎年金の財源は全て税金をあてるべきだ,１．賛成，２．どちらかと言えば賛成，３．どちらとも言えない，４．どちらかと言えば反対，５．反対,,,基礎年金財源は全て現金で
q39,,Q5_12,,,,,,,,,5,次に挙げる意見について、あなたは賛成ですか、それとも反対ですか。①から⑤のそれぞれの項目について１つずつ、あてはまる番号に○を付けてください。,資産を持っている人には年金を支給しなくてよい,１．賛成，２．どちらかと言えば賛成，３．どちらとも言えない，４．どちらかと言えば反対，５．反対,,,
q40,,Q5_13,,,,,,,,,5,次に挙げる意見について、あなたは賛成ですか、それとも反対ですか。①から⑤のそれぞれの項目について１つずつ、あてはまる番号に○を付けてください。,環太平洋経済連携協定（TPP）に参加すべきだ,１．賛成，２．どちらかと言えば賛成，３．どちらとも言えない，４．どちらかと言えば反対，５．反対,,,
q41,,Q5_14,,,,,,,,,5,次に挙げる意見について、あなたは賛成ですか、それとも反対ですか。①から⑤のそれぞれの項目について１つずつ、あてはまる番号に○を付けてください。,日銀は、明確なインフレ目標を設定すべきだ,１．賛成，２．どちらかと言えば賛成，３．どちらとも言えない，４．どちらかと言えば反対，５．反対,,,
q42,Q9_16,Q5_16,Q6_12,,,,,,,,5,次に挙げる意見について、あなたは賛成ですか、それとも反対ですか。①から⑤のそれぞれの項目について１つずつ、あてはまる番号に○を付けてください。,永住外国人の地方参政権を認めるべきだ,１．賛成，２．どちらかと言えば賛成，３．どちらとも言えない，４．どちらかと言えば反対，５．反対,,,永住外国人の地方参政権
q43,Q9_17,Q5_17,Q6_13,Q4_12,,,,,,,5,次に挙げる意見について、あなたは賛成ですか、それとも反対ですか。①から⑤のそれぞれの項目について１つずつ、あてはまる番号に○を付けてください。,外国人労働者の受け入れを進めるべきだ,１．賛成，２．どちらかと言えば賛成，３．どちらとも言えない，４．どちらかと言えば反対，５．反対,,,外国人労働者受け入れ
q44,Q9_18,Q5_15,Q6_11,Q4_11,,,,,,,5,次に挙げる意見について、あなたは賛成ですか、それとも反対ですか。①から⑤のそれぞれの項目について１つずつ、あてはまる番号に○を付けてください。,治安を守るためにプライバシーや個人の権利が制約されるのは当然だ,１．賛成，２．どちらかと言えば賛成，３．どちらとも言えない，４．どちらかと言えば反対，５．反対,,,治安のためのプライバシーや権利制限
q45,Q9_19,,,,,,,,,,5,次に挙げる意見について、あなたは賛成ですか、それとも反対ですか。①から⑤のそれぞれの項目について１つずつ、あてはまる番号に○を付けてください。,個性を伸ばす教育よりも伝統を重んじる教育を優先するべきだ,１．賛成，２．どちらかと言えば賛成，３．どちらとも言えない，４．どちらかと言えば反対，５．反対,,,個性を伸ばす教育よりも伝統教育
q46,,,,Q4_9,,,,,,,5,次に挙げる意見について、あなたは賛成ですか、それとも反対ですか。①から⑤のそれぞれの項目について１つずつ、あてはまる番号に○を付けてください。,幼稚園・保育所から大学まで教育を無償化すべきだ,１．賛成，２．どちらかと言えば賛成，３．どちらとも言えない，４．どちらかと言えば反対，５．反対,,,教育費無償化
q47,,Q5_18,Q6_14,,,,,,,,5,次に挙げる意見について、あなたは賛成ですか、それとも反対ですか。①から⑤のそれぞれの項目について１つずつ、あてはまる番号に○を付けてください。,道徳教育をもっと充実させるべきだ,１．賛成，２．どちらかと言えば賛成，３．どちらとも言えない，４．どちらかと言えば反対，５．反対,,,
q48,Q9_20,,,,,,,,,,5,次に挙げる意見について、あなたは賛成ですか、それとも反対ですか。①から⑤のそれぞれの項目について１つずつ、あてはまる番号に○を付けてください。,死刑制度は廃止すべきだ,１．賛成，２．どちらかと言えば賛成，３．どちらとも言えない，４．どちらかと言えば反対，５．反対,,,死刑廃止
q49,,Q5_19,,,,,,,,,5,次に挙げる意見について、あなたは賛成ですか、それとも反対ですか。①から⑤のそれぞれの項目について１つずつ、あてはまる番号に○を付けてください。,定期検査で停止中の原子力発電所の運転再開はやむをえない,１．賛成，２．どちらかと言えば賛成，３．どちらとも言えない，４．どちらかと言えば反対，５．反対,,,
q50,,Q5_20,,,,,,,,,5,次に挙げる意見について、あなたは賛成ですか、それとも反対ですか。①から⑤のそれぞれの項目について１つずつ、あてはまる番号に○を付けてください。,被災地以外の自治体は、がれきを積極的に受け入れるべきだ,１．賛成，２．どちらかと言えば賛成，３．どちらとも言えない，４．どちらかと言えば反対，５．反対,,,
q51,,,Q6_4,Q4_5,,,,,,,5,次に挙げる意見について、あなたは賛成ですか、それとも反対ですか。①から⑤のそれぞれの項目について１つずつ、あてはまる番号に○を付けてください。,首相には靖国神社に参拝してほしい,１．賛成，２．どちらかと言えば賛成，３．どちらとも言えない，４．どちらかと言えば反対，５．反対,,,靖国参拝
q52,,,Q6_9,,,,,,,,5,次に挙げる意見について、あなたは賛成ですか、それとも反対ですか。①から⑤のそれぞれの項目について１つずつ、あてはまる番号に○を付けてください。,企業が納めている法人税率を引き下げるべきだ,１．賛成，２．どちらかと言えば賛成，３．どちらとも言えない，４．どちらかと言えば反対，５．反対,,,
q53,,,Q6_10,,,,,,,,5,次に挙げる意見について、あなたは賛成ですか、それとも反対ですか。①から⑤のそれぞれの項目について１つずつ、あてはまる番号に○を付けてください。,日本でもカジノを解禁すべきだ,１．賛成，２．どちらかと言えば賛成，３．どちらとも言えない，４．どちらかと言えば反対，５．反対,,,
q54,,,Q6_15,Q4_13,,,,,,,5,次に挙げる意見について、あなたは賛成ですか、それとも反対ですか。①から⑤のそれぞれの項目について１つずつ、あてはまる番号に○を付けてください。,原子力規制委員会の審査に合格した原子力発電所は運転を再開すべきだ,１．賛成，２．どちらかと言えば賛成，３．どちらとも言えない，４．どちらかと言えば反対，５．反対,,,原発再稼働
q55,,,Q6_16,Q4_14,,,,,,,5,次に挙げる意見について、あなたは賛成ですか、それとも反対ですか。①から⑤のそれぞれの項目について１つずつ、あてはまる番号に○を付けてください。,夫婦が望む場合には，結婚後も夫婦がそれぞれ結婚前の名字を称することを，法律で認めるべきだ,１．賛成，２．どちらかと言えば賛成，３．どちらとも言えない，４．どちらかと言えば反対，５．反対,,,
q56,,,Q6_17,,,,,,,,5,次に挙げる意見について、あなたは賛成ですか、それとも反対ですか。①から⑤のそれぞれの項目について１つずつ、あてはまる番号に○を付けてください。,より高い地位や良い職業に就く女性を増やすため，政府は特別な制度を設けるべきだ,１．賛成，２．どちらかと言えば賛成，３．どちらとも言えない，４．どちらかと言えば反対，５．反対,,,夫婦別姓
q57,,,,Q3,,,,,,,5,2019年10月に予定されている消費税率の10%への引き上げについて、あなたは賛成ですか、それとも反対ですか。1つだけ○をつけてください。,,1. （予定通り引き上げに）賛成／やむをえない　2. どちらかと言えば賛成／やむをえない　3. どちらとも言えない　4. どちらかと言えば反対／容認できない　5. 反対／容認できない　99. 無回答,,,
q58,,,,Q4_15,,,,,,,5,次に挙げる意見について、あなたは賛成ですか、それとも反対ですか。①から⑤のそれぞれの項目について１つずつ、あてはまる番号に○を付けてください。,男性同士、女性同士の結婚を法律で認めるべきだ,１．賛成，２．どちらかと言えば賛成，３．どちらとも言えない，４．どちらかと言えば反対，５．反対,,,同性婚
q59,,,,Q4_10,,,,,,,5,次に挙げる意見について、あなたは賛成ですか、それとも反対ですか。①から⑤のそれぞれの項目について１つずつ、あてはまる番号に○を付けてください。,所得や資産の多い人に対する課税を強化すべきだ,１．賛成，２．どちらかと言えば賛成，３．どちらとも言えない，４．どちらかと言えば反対，５．反対,,,高所得者への課税強化
q60,Q10_1,Q6_4,Q7_4,,,,,,,,5,次に挙げる争点について、あなたのお考えはＡ・Ｂのどちらに近いでしょうか。①から⑩のそれぞれの項目について１つずつ、あてはまる番号に○を付けてください。,Ａ：環境を守るため、生活水準を犠牲にすることも必要だ，Ｂ：生活水準を犠牲にするほど、環境保護は重要問題ではない,１．Ａに近い，２．どちらかと言えばＡ，３．どちらとも言えない，４．どちらかと言えばＢ。５．Ｂに近い,,,
q61,Q10_2,,,,,,,,,,5,次に挙げる争点について、あなたのお考えはＡ・Ｂのどちらに近いでしょうか。①から⑩のそれぞれの項目について１つずつ、あてはまる番号に○を付けてください。,Ａ：国会議員のいわゆる世襲は禁止すべきだ，Ｂ：国会議員の子弟にも職業選択の自由がある,１．Ａに近い，２．どちらかと言えばＡ，３．どちらとも言えない，４．どちらかと言えばＢ。５．Ｂに近い,,,世襲禁止
q62,Q10_3,,,,,,,,,,5,次に挙げる争点について、あなたのお考えはＡ・Ｂのどちらに近いでしょうか。①から⑩のそれぞれの項目について１つずつ、あてはまる番号に○を付けてください。,Ａ：企業・団体にも政治活動の自由がある，Ｂ：企業・団体献金は全面禁止すべきだ,１．Ａに近い，２．どちらかと言えばＡ，３．どちらとも言えない，４．どちらかと言えばＢ。５．Ｂに近い,,,企業・団体政治献金禁止
q63,Q10_4,,,,,,,,,,5,次に挙げる争点について、あなたのお考えはＡ・Ｂのどちらに近いでしょうか。①から⑩のそれぞれの項目について１つずつ、あてはまる番号に○を付けてください。,Ａ：治安は悪化しており、犯罪に対する厳罰化を進めるべきだ，Ｂ：治安は悪化しておらず、犯罪に対する厳罰化には慎重であるべきだ,１．Ａに近い，２．どちらかと言えばＡ，３．どちらとも言えない，４．どちらかと言えばＢ。５．Ｂに近い,,,
q64,Q7_7,,,,,,,,,,5,次に挙げる争点について、あなたのお考えはＡ・Ｂのどちらに近いでしょうか。①から⑩のそれぞれの項目について１つずつ、あてはまる番号に○を付けてください。,Ａ： 少子化対策には，親自身による家庭での育児を支援するほうが効果的だ　B: 少子化対策には，保育所を増やすなどして親の育児と仕事の両立を支援するほうが効果的だ,１．Ａに近い，２．どちらかと言えばＡ，３．どちらとも言えない，４．どちらかと言えばＢ。５．Ｂに近い,,,
q65,Q10_5,,,,,,,,,,5,次に挙げる争点について、あなたのお考えはＡ・Ｂのどちらに近いでしょうか。①から⑩のそれぞれの項目について１つずつ、あてはまる番号に○を付けてください。,Ａ：高齢者を支えるため、現役世代の負担が重くなるのは避けられない，Ｂ：現役世代の負担が重くならないよう、高齢者へのサービスを見直すのは避けられ,１．Ａに近い，２．どちらかと言えばＡ，３．どちらとも言えない，４．どちらかと言えばＢ。５．Ｂに近い,,,現役世代の負担vs.高齢者サービスの見直し
q66,Q10_6,,,,,,,,,,5,次に挙げる争点について、あなたのお考えはＡ・Ｂのどちらに近いでしょうか。①から⑩のそれぞれの項目について１つずつ、あてはまる番号に○を付けてください。,Ａ：若者の雇用確保のためには、まずは本人の努力が重要だ，Ｂ：若者の雇用確保のためには、何より政府による対策が重要だ,１．Ａに近い，２．どちらかと言えばＡ，３．どちらとも言えない，４．どちらかと言えばＢ。５．Ｂに近い,,,
q67,Q10_7,Q6_5,Q7_5,Q5_2,,,,,,,5,次に挙げる争点について、あなたのお考えはＡ・Ｂのどちらに近いでしょうか。①から⑩のそれぞれの項目について１つずつ、あてはまる番号に○を付けてください。,Ａ：夫婦と複数の子どもが揃っているのが家族の基本形だ，Ｂ：シングルマザーやDINKS など家族の形は多様でよい,１．Ａに近い，２．どちらかと言えばＡ，３．どちらとも言えない，４．どちらかと言えばＢ。５．Ｂに近い,,,家族の構成形態
q68,Q10_8,,,,,,,,,,5,次に挙げる争点について、あなたのお考えはＡ・Ｂのどちらに近いでしょうか。①から⑩のそれぞれの項目について１つずつ、あてはまる番号に○を付けてください。,Ａ：日米同盟は日本外交の基軸だ，Ｂ：日本外交は国連中心主義でいくべきだ,１．Ａに近い，２．どちらかと言えばＡ，３．どちらとも言えない，４．どちらかと言えばＢ。５．Ｂに近い,,,
q69,Q10_9,Q6_3,Q7_3,,,,,,,,5,次に挙げる争点について、あなたのお考えはＡ・Ｂのどちらに近いでしょうか。①から⑩のそれぞれの項目について１つずつ、あてはまる番号に○を付けてください。,Ａ：国内産業を保護すべきだ，Ｂ：貿易や投資の自由化を進めるべきだ,１．Ａに近い，２．どちらかと言えばＡ，３．どちらとも言えない，４．どちらかと言えばＢ。５．Ｂに近い,,,
q70,Q10_10,,,,,,,,,,5,次に挙げる争点について、あなたのお考えはＡ・Ｂのどちらに近いでしょうか。①から⑩のそれぞれの項目について１つずつ、あてはまる番号に○を付けてください。,Ａ：政治家は官僚と対決して従わせるのがよい，Ｂ：政治家は官僚と協力して使いこなすのがよい,１．Ａに近い，２．どちらかと言えばＡ，３．どちらとも言えない，４．どちらかと言えばＢ。５．Ｂに近い,,,
q71,,Q6_1,Q7_1,,,,,,,,5,次に挙げる争点について、あなたのお考えはＡ・Ｂのどちらに近いでしょうか。①から⑩のそれぞれの項目について１つずつ、あてはまる番号に○を付けてください。,A: これからの日本外交の優先順位は「まず米国」である　B: これからの日本外交の優先順位は「まずアジア」である,１．Ａに近い，２．どちらかと言えばＡ，３．どちらとも言えない，４．どちらかと言えばＢ。５．Ｂに近い,,,
q72,,Q6_2,Q7_2,Q5_1,,,,,,,5,次に挙げる争点について、あなたのお考えはＡ・Ｂのどちらに近いでしょうか。①から⑩のそれぞれの項目について１つずつ、あてはまる番号に○を付けてください。,A: 社会的格差が多少あっても、いまは経済競争力の向上を優先すべきだ　B: 経済競争力を多少犠牲にしても、いまは社会的格差の是正を優先すべきだ,１．Ａに近い，２．どちらかと言えばＡ，３．どちらとも言えない，４．どちらかと言えばＢ。５．Ｂに近い,,,経済競争力vs.社会的格差是正
q73,,Q6_6,,,,,,,,,5,次に挙げる争点について、あなたのお考えはＡ・Ｂのどちらに近いでしょうか。①から⑩のそれぞれの項目について１つずつ、あてはまる番号に○を付けてください。,A: 電力に占める原子力発電の比率を、2030 年代までに0%にすべきだ　B: 2030 年代より後も、原子力発電は電力源のひとつとして保つべきだ,１．Ａに近い，２．どちらかと言えばＡ，３．どちらとも言えない，４．どちらかと言えばＢ。５．Ｂに近い,,,
q74,,,Q7_6,Q5_3,,,,,,,5,次に挙げる争点について、あなたのお考えはＡ・Ｂのどちらに近いでしょうか。①から⑩のそれぞれの項目について１つずつ、あてはまる番号に○を付けてください。,A: いますぐ原子力発電を廃止すべきだ　B: 将来も原子力発電は電力源のひとつとして保つべきだ,１．Ａに近い，２．どちらかと言えばＡ，３．どちらとも言えない，４．どちらかと言えばＢ。５．Ｂに近い,,,原発廃止vs.維持
q75,,Q6_7,,,,,,,,,5,次に挙げる争点について、あなたのお考えはＡ・Ｂのどちらに近いでしょうか。①から⑩のそれぞれの項目について１つずつ、あてはまる番号に○を付けてください。,A: 現状の政治資金に関する規制は厳し過ぎる　B: 政治資金に関する規制をもっと厳しくすべきだ,１．Ａに近い，２．どちらかと言えばＡ，３．どちらとも言えない，４．どちらかと言えばＢ。５．Ｂに近い,,,
q76,,Q6_8,,,,,,,,,5,次に挙げる争点について、あなたのお考えはＡ・Ｂのどちらに近いでしょうか。①から⑩のそれぞれの項目について１つずつ、あてはまる番号に○を付けてください。,A: 国会の第一義的な役割は、与野党が議論を闘わせ、国民に対して争点の所在や政党間の立場の違いを示すことにある　B: 国会の第一義的な役割は、与野党が意見を調整して、なるべく多くの国民の意思を法律に反映させることにある,１．Ａに近い，２．どちらかと言えばＡ，３．どちらとも言えない，４．どちらかと言えばＢ。５．Ｂに近い,,,
q77,,Q6_9,,,,,,,,,5,次に挙げる争点について、あなたのお考えはＡ・Ｂのどちらに近いでしょうか。①から⑩のそれぞれの項目について１つずつ、あてはまる番号に○を付けてください。,A: 国会での採決時、政党はなるべく党議拘束をかけて、所属議員が全員一致して行動することが望ましい　B: 国会での採決時、政党はなるべく党議拘束を外して、所属議員がそれぞれ判断して行動することが望ましい,１．Ａに近い，２．どちらかと言えばＡ，３．どちらとも言えない，４．どちらかと言えばＢ。５．Ｂに近い,,,
q78,,,Q7_8,Q5_4,,,,,,,5,次に挙げる争点について、あなたのお考えはＡ・Ｂのどちらに近いでしょうか。①から⑩のそれぞれの項目について１つずつ、あてはまる番号に○を付けてください。,A: 国債は安定的に消化されており，財政赤字を心配する必要はない　B: 財政赤字は危機的水準であるので，国債発行を抑制すべきだ,１．Ａに近い，２．どちらかと言えばＡ，３．どちらとも言えない，４．どちらかと言えばＢ。５．Ｂに近い,,,財政赤字と国債発行
q79,,,Q7_9,,,,,,,,5,次に挙げる争点について、あなたのお考えはＡ・Ｂのどちらに近いでしょうか。①から⑩のそれぞれの項目について１つずつ、あてはまる番号に○を付けてください。,A: ヘイトスピーチは表現の自由を逸脱するものであり，法律で規制すべきだ　B: ヘイトスピーチの是非は別として，法的規制については慎重であるべきだ,１．Ａに近い，２．どちらかと言えばＡ，３．どちらとも言えない，４．どちらかと言えばＢ。５．Ｂに近い,,,
q80,,,,Q5_5,,,,,,,55,次に挙げる争点について、あなたのお考えはＡ・Ｂのどちらに近いでしょうか。①から⑩のそれぞれの項目について１つずつ、あてはまる番号に○を付けてください。,A: 民間による技術・経営革新を促すため、経済的規制の緩和を徹底すべきだ　B: 既存産業や消費者保護のため、経済的規制の緩和には慎重であるべきだ,１．Ａに近い，２．どちらかと言えばＡ，３．どちらとも言えない，４．どちらかと言えばＢ。５．Ｂに近い,,,量的緩和政策継続
q81,,Q7,Q4,,,,,,,,11,日本に限らず、政治の立場を「左」?「右」の言葉で表現することがよくあります。このものさしで、あなたの立場を示されるとしたらいかがですか。あてはまる番号に1 つだけ○をつけて下さい。,自分,0. 最も左　1.　2.　3.　4.　5.中間　6.　7.　8.　9.　10. 最も右,,,
q82,,Q9_1,,,,,,,,,5,あなたは、以下の各国に親しみを感じますか、それとも感じませんか。それぞれの国について1 つずつ○をつけて下さい。,アメリカ,1. 親しみを感じる　2. どちらかと言えば親しみを感じる　3. どちらとも言えない　4. どちらかと言えば親しみを感じない　5. 親しみを感じない,,,
q83,,Q9_2,,,,,,,,,5,あなたは、以下の各国に親しみを感じますか、それとも感じませんか。それぞれの国について1 つずつ○をつけて下さい。,中国,1. 親しみを感じる　2. どちらかと言えば親しみを感じる　3. どちらとも言えない　4. どちらかと言えば親しみを感じない　5. 親しみを感じない,,,
q84,,Q9_3,,,,,,,,,5,あなたは、以下の各国に親しみを感じますか、それとも感じませんか。それぞれの国について1 つずつ○をつけて下さい。,ロシア,1. 親しみを感じる　2. どちらかと言えば親しみを感じる　3. どちらとも言えない　4. どちらかと言えば親しみを感じない　5. 親しみを感じない,,,
q85,,Q9_4,,,,,,,,,5,あなたは、以下の各国に親しみを感じますか、それとも感じませんか。それぞれの国について1 つずつ○をつけて下さい。,韓国,1. 親しみを感じる　2. どちらかと言えば親しみを感じる　3. どちらとも言えない　4. どちらかと言えば親しみを感じない　5. 親しみを感じない,,,
q86,,,Q9,,,,,,,,5,特定秘密保護法が成立したことを評価しますか，それとも評価しませんか。１つだけ○をつけてください。,,1. 大いに評価する　2. どちらかと言えば評価する　3. どちらとも言えない　4. どちらかと言えば評価しない　5. まったく評価しない　99. 無回答,,,
q87,,,Q10,,,,,,,,5,集団的自衛権の行使を認める閣議決定が行われたことを評価しますか，それとも評価しませんか。１つだけ○をつけてください。,,1. 大いに評価する　2. どちらかと言えば評価する　3. どちらとも言えない　4. どちらかと言えば評価しない　5. まったく評価しない　99. 無回答,,,
q88,,,,Q6_1,,,,,,,5,長期的な経済運営に関する次の意見について、あなたは賛成ですか、それとも反対ですか。それぞれの項目について1つずつあてはまる番号に○を付けてください。,消費税率を10％よりも高くする,1. 賛成／やむをえない　2. どちらかと言えば賛成／やむをえない　3. どちらとも言えない　4. どちらかと言えば反対／容認できない　5. 反対／容認できない　99. 無回答,,,消費税10％以上
q89,,,,Q6_2,,,,,,,5,長期的な経済運営に関する次の意見について、あなたは賛成ですか、それとも反対ですか。それぞれの項目について1つずつあてはまる番号に○を付けてください。,年金や医療費の給付を現行の水準よりも抑制する,1. 賛成／やむをえない　2. どちらかと言えば賛成／やむをえない　3. どちらとも言えない　4. どちらかと言えば反対／容認できない　5. 反対／容認できない　99. 無回答,,,
q90,,,,Q6_3,,,,,,,5,長期的な経済運営に関する次の意見について、あなたは賛成ですか、それとも反対ですか。それぞれの項目について1つずつあてはまる番号に○を付けてください。,競争力のない産業・企業に対する保護を現行の水準よりも削減する,1. 賛成／やむをえない　2. どちらかと言えば賛成／やむをえない　3. どちらとも言えない　4. どちらかと言えば反対／容認できない　5. 反対／容認できない　99. 無回答,,,産業保護削減
q91,,,,Q6_4,,,,,,,5,長期的な経済運営に関する次の意見について、あなたは賛成ですか、それとも反対ですか。それぞれの項目について1つずつあてはまる番号に○を付けてください。,基礎的財政収支（プライマリーバランス）の均衡達成を先送りする,1. 賛成／やむをえない　2. どちらかと言えば賛成／やむをえない　3. どちらとも言えない　4. どちらかと言えば反対／容認できない　5. 反対／容認できない　99. 無回答,,,PB先送り
q92,,,,Q6_5,,,,,,,5,長期的な経済運営に関する次の意見について、あなたは賛成ですか、それとも反対ですか。それぞれの項目について1つずつあてはまる番号に○を付けてください。,日本銀行は国債の買入れなど量的金融緩和政策を続ける,1. 賛成／やむをえない　2. どちらかと言えば賛成／やむをえない　3. どちらとも言えない　4. どちらかと言えば反対／容認できない　5. 反対／容認できない　99. 無回答,,,
q93,,,,Q9_1,,,,,,,5,以下の第3次安倍内閣（2014年以降）の施策について、あなたは評価していますか、それとも評価していませんか。それぞれの項目について1つずつあてはまる番号に○を付けてください,経済政策全般（アベノミクス）,1. 評価する　2. どちらかと言えば評価する　3. どちらとも言えない　4. どちらかと言えば評価しない　5. 評価しない　99. 無回答,,,
q94,,,,Q9_2,,,,,,,5,以下の第3次安倍内閣（2014年以降）の施策について、あなたは評価していますか、それとも評価していませんか。それぞれの項目について1つずつあてはまる番号に○を付けてください,環太平洋経済連携協定（TPP）の締結,1. 評価する　2. どちらかと言えば評価する　3. どちらとも言えない　4. どちらかと言えば評価しない　5. 評価しない　99. 無回答,,,
q95,,,,Q9_3,,,,,,,5,以下の第3次安倍内閣（2014年以降）の施策について、あなたは評価していますか、それとも評価していませんか。それぞれの項目について1つずつあてはまる番号に○を付けてください,消費増税の先送り,1. 評価する　2. どちらかと言えば評価する　3. どちらとも言えない　4. どちらかと言えば評価しない　5. 評価しない　99. 無回答,,,
q96,,,,Q9_4,,,,,,,5,以下の第3次安倍内閣（2014年以降）の施策について、あなたは評価していますか、それとも評価していませんか。それぞれの項目について1つずつあてはまる番号に○を付けてください,戦後70年の内閣総理大臣談話,1. 評価する　2. どちらかと言えば評価する　3. どちらとも言えない　4. どちらかと言えば評価しない　5. 評価しない　99. 無回答,,,
q97,,,,Q9_5,,,,,,,5,以下の第3次安倍内閣（2014年以降）の施策について、あなたは評価していますか、それとも評価していませんか。それぞれの項目について1つずつあてはまる番号に○を付けてください,安全保障関連法案の成立,1. 評価する　2. どちらかと言えば評価する　3. どちらとも言えない　4. どちらかと言えば評価しない　5. 評価しない　99. 無回答,,,
q98,,,,Q9_6,,,,,,,5,以下の第3次安倍内閣（2014年以降）の施策について、あなたは評価していますか、それとも評価していませんか。それぞれの項目について1つずつあてはまる番号に○を付けてください,北方領土問題への取り組み,1. 評価する　2. どちらかと言えば評価する　3. どちらとも言えない　4. どちらかと言えば評価しない　5. 評価しない　99. 無回答,,,
q99,,,,Q9_7,,,,,,,5,以下の第3次安倍内閣（2014年以降）の施策について、あなたは評価していますか、それとも評価していませんか。それぞれの項目について1つずつあてはまる番号に○を付けてください,北朝鮮問題への取り組み,1. 評価する　2. どちらかと言えば評価する　3. どちらとも言えない　4. どちらかと言えば評価しない　5. 評価しない　99. 無回答,,,
q100,,,,Q9_8,,,,,,,5,以下の第3次安倍内閣（2014年以降）の施策について、あなたは評価していますか、それとも評価していませんか。それぞれの項目について1つずつあてはまる番号に○を付けてください,組織犯罪処罰法の改正,1. 評価する　2. どちらかと言えば評価する　3. どちらとも言えない　4. どちらかと言えば評価しない　5. 評価しない　99. 無回答,,,
q101,,,,Q9_9,,,,,,,5,以下の第3次安倍内閣（2014年以降）の施策について、あなたは評価していますか、それとも評価していませんか。それぞれの項目について1つずつあてはまる番号に○を付けてください,森友学園・加計学園問題への対応,1. 評価する　2. どちらかと言えば評価する　3. どちらとも言えない　4. どちらかと言えば評価しない　5. 評価しない　99. 無回答,,,
q102,,,,Q8,,,,,,,5,「現在の憲法9条1項、2項はそのまま残しながら、自衛隊の意義と役割を憲法に書き込む」という憲法改正案について、あなたは賛成ですか、それとも反対ですか。あてはまる番号に○を付けてください。,,1. 賛成　2. どちらかと言えば賛成　3. どちらとも言えない　4. どちらかと言えば反対　5. 反対　99. 無回答,,,「自衛隊書き込み」憲法改正案の是非